exam_id,crew_id,unit,exam_date,exam_type,score,result
1,CR-001,Alpha,2023-10-15,Initial,70.3,Pass
2,CR-001,Alpha,2023-05-16,Initial,81.7,Pass
3,CR-002,Bravo,2021-02-20,Initial,93.9,Pass
4,CR-002,Bravo,2021-05-29,Initial,74.2,Pass
5,CR-002,Bravo,2021-11-30,Recurrent,78.7,Pass
6,CR-002,Bravo,2025-11-30,Recurrent,80.3,Pass
7,CR-002,Bravo,2023-08-15,Recurrent,62.8,Fail
8,CR-002,Bravo,2022-01-01,Recurrent,87.1,Pass
9,CR-003,Charlie,2021-11-01,Recurrent,74.6,Pass
10,CR-003,Charlie,2022-05-08,Recurrent,74.9,Pass
11,CR-003,Charlie,2021-07-09,Recurrent,88.7,Pass
12,CR-003,Charlie,2024-06-07,Recurrent,80.5,Pass
13,CR-003,Charlie,2022-09-26,Recurrent,76.9,Pass
14,CR-004,Delta,2025-11-20,Initial,77.4,Pass
15,CR-004,Delta,2025-11-10,Initial,92.7,Pass
16,CR-004,Delta,2023-05-27,Recurrent,84.9,Pass
17,CR-005,Echo,2023-10-08,Recurrent,100.0,Pass
18,CR-005,Echo,2025-05-11,Recurrent,92.7,Pass
19,CR-006,Alpha,2022-11-27,Recurrent,98.0,Pass
20,CR-006,Alpha,2021-05-17,Initial,87.1,Pass
21,CR-006,Alpha,2025-12-23,Recurrent,81.5,Pass
22,CR-006,Alpha,2021-08-24,Initial,70.2,Pass
23,CR-006,Alpha,2023-07-16,Recurrent,93.2,Pass
24,CR-007,Bravo,2024-10-10,Recurrent,88.0,Pass
25,CR-007,Bravo,2024-12-20,Recurrent,84.5,Pass
26,CR-007,Bravo,2022-03-02,Initial,77.8,Pass
27,CR-008,Charlie,2023-12-18,Recurrent,78.3,Pass
28,CR-008,Charlie,2021-06-16,Recurrent,77.8,Pass
29,CR-008,Charlie,2024-03-11,Recurrent,87.4,Pass
30,CR-009,Delta,2021-01-10,Recurrent,82.0,Pass
31,CR-009,Delta,2023-09-12,Recurrent,82.3,Pass
32,CR-010,Echo,2025-12-12,Recurrent,62.7,Fail
33,CR-010,Echo,2022-11-15,Recurrent,70.9,Pass
34,CR-010,Echo,2021-04-15,Recurrent,83.9,Pass
35,CR-010,Echo,2024-09-07,Recurrent,93.1,Pass
36,CR-011,Alpha,2025-12-27,Recurrent,86.1,Pass
37,CR-011,Alpha,2023-05-10,Recurrent,80.6,Pass
38,CR-012,Bravo,2022-09-17,Recurrent,75.3,Pass
39,CR-012,Bravo,2024-02-01,Recurrent,79.5,Pass
40,CR-013,Charlie,2023-03-25,Recurrent,78.7,Pass
41,CR-013,Charlie,2023-09-08,Recurrent,96.9,Pass
42,CR-013,Charlie,2021-04-18,Recurrent,83.1,Pass
43,CR-013,Charlie,2025-02-21,Recurrent,81.5,Pass
44,CR-014,Delta,2024-01-23,Recurrent,74.3,Pass
45,CR-014,Delta,2025-02-08,Initial,65.5,Fail
46,CR-014,Delta,2024-05-19,Initial,89.0,Pass
47,CR-015,Echo,2024-01-11,Recurrent,92.5,Pass
48,CR-015,Echo,2024-10-15,Recurrent,93.7,Pass
49,CR-015,Echo,2022-04-25,Recurrent,65.2,Fail
50,CR-015,Echo,2022-01-04,Recurrent,79.2,Pass
51,CR-015,Echo,2023-09-26,Recurrent,90.9,Pass
52,CR-016,Alpha,2022-07-23,Recurrent,90.1,Pass
53,CR-016,Alpha,2021-03-06,Recurrent,89.1,Pass
54,CR-016,Alpha,2022-08-24,Recurrent,94.8,Pass
55,CR-016,Alpha,2021-06-28,Recurrent,79.2,Pass
56,CR-016,Alpha,2023-07-31,Initial,86.3,Pass
57,CR-017,Bravo,2023-07-10,Recurrent,71.5,Pass
58,CR-017,Bravo,2021-09-25,Initial,97.2,Pass
59,CR-017,Bravo,2024-03-23,Recurrent,60.0,Fail
60,CR-017,Bravo,2021-12-26,Recurrent,68.9,Fail
61,CR-017,Bravo,2024-01-06,Recurrent,77.8,Pass
62,CR-018,Charlie,2025-06-07,Recurrent,89.9,Pass
63,CR-018,Charlie,2024-08-17,Initial,73.0,Pass
64,CR-018,Charlie,2021-02-25,Recurrent,85.3,Pass
65,CR-018,Charlie,2021-08-03,Recurrent,84.7,Pass
66,CR-019,Delta,2022-06-30,Recurrent,92.9,Pass
67,CR-019,Delta,2025-06-16,Recurrent,84.9,Pass
68,CR-019,Delta,2021-08-05,Recurrent,87.3,Pass
69,CR-020,Echo,2025-07-22,Recurrent,78.5,Pass
70,CR-020,Echo,2024-07-12,Recurrent,85.7,Pass
71,CR-020,Echo,2023-05-26,Recurrent,78.6,Pass
72,CR-021,Alpha,2025-01-08,Recurrent,75.1,Pass
73,CR-021,Alpha,2025-06-21,Recurrent,86.8,Pass
74,CR-021,Alpha,2021-08-24,Initial,75.8,Pass
75,CR-021,Alpha,2022-07-10,Initial,73.7,Pass
76,CR-022,Bravo,2021-09-28,Recurrent,81.7,Pass
77,CR-022,Bravo,2024-03-06,Recurrent,95.4,Pass
78,CR-022,Bravo,2023-05-24,Recurrent,69.2,Fail
79,CR-023,Charlie,2022-10-25,Recurrent,74.4,Pass
80,CR-023,Charlie,2024-03-11,Initial,70.9,Pass
81,CR-023,Charlie,2025-02-17,Recurrent,79.8,Pass
82,CR-023,Charlie,2021-05-15,Recurrent,100.0,Pass
83,CR-023,Charlie,2022-01-27,Recurrent,87.4,Pass
84,CR-024,Delta,2022-05-02,Recurrent,74.7,Pass
85,CR-024,Delta,2021-04-16,Recurrent,80.4,Pass
86,CR-024,Delta,2021-05-17,Recurrent,78.4,Pass
87,CR-024,Delta,2023-06-30,Recurrent,84.8,Pass
88,CR-025,Echo,2024-10-23,Recurrent,73.6,Pass
89,CR-025,Echo,2025-03-22,Initial,66.1,Fail
90,CR-025,Echo,2024-10-01,Recurrent,62.4,Fail
91,CR-025,Echo,2024-02-09,Recurrent,88.2,Pass
92,CR-026,Alpha,2024-06-09,Recurrent,70.0,Fail
93,CR-026,Alpha,2022-02-22,Recurrent,80.6,Pass
94,CR-026,Alpha,2023-08-27,Recurrent,78.3,Pass
95,CR-027,Bravo,2023-11-22,Recurrent,88.5,Pass
96,CR-027,Bravo,2023-03-11,Recurrent,84.5,Pass
97,CR-027,Bravo,2022-05-17,Recurrent,80.5,Pass
98,CR-027,Bravo,2022-01-31,Recurrent,100.0,Pass
99,CR-028,Charlie,2024-07-24,Recurrent,81.9,Pass
100,CR-028,Charlie,2025-12-11,Recurrent,65.4,Fail
101,CR-029,Delta,2025-08-16,Recurrent,85.2,Pass
102,CR-029,Delta,2021-08-29,Recurrent,78.8,Pass
103,CR-029,Delta,2022-04-05,Initial,70.7,Pass
104,CR-029,Delta,2022-03-12,Recurrent,62.3,Fail
105,CR-029,Delta,2025-08-14,Initial,93.3,Pass
106,CR-030,Echo,2021-06-29,Initial,99.7,Pass
107,CR-030,Echo,2021-01-15,Recurrent,82.2,Pass
108,CR-030,Echo,2024-10-05,Initial,80.7,Pass
109,CR-030,Echo,2023-06-03,Initial,82.7,Pass
110,CR-031,Alpha,2021-09-25,Recurrent,68.5,Fail
111,CR-031,Alpha,2022-07-14,Recurrent,75.5,Pass
112,CR-031,Alpha,2025-10-19,Recurrent,92.4,Pass
113,CR-031,Alpha,2023-10-03,Recurrent,68.0,Fail
114,CR-032,Bravo,2025-12-22,Recurrent,64.0,Fail
115,CR-032,Bravo,2025-02-03,Recurrent,76.6,Pass
116,CR-032,Bravo,2024-09-09,Initial,77.7,Pass
117,CR-032,Bravo,2025-09-28,Recurrent,87.1,Pass
118,CR-032,Bravo,2024-02-22,Recurrent,82.2,Pass
119,CR-032,Bravo,2022-09-01,Recurrent,86.0,Pass
120,CR-033,Charlie,2023-01-11,Recurrent,76.9,Pass
121,CR-033,Charlie,2022-03-07,Recurrent,88.8,Pass
122,CR-034,Delta,2023-09-30,Recurrent,73.4,Pass
123,CR-034,Delta,2021-09-30,Recurrent,85.7,Pass
124,CR-034,Delta,2023-03-30,Initial,86.3,Pass
125,CR-035,Echo,2024-06-25,Initial,85.0,Pass
126,CR-035,Echo,2021-09-27,Initial,74.0,Pass
127,CR-035,Echo,2021-08-27,Initial,92.9,Pass
128,CR-036,Alpha,2021-06-21,Recurrent,85.3,Pass
129,CR-036,Alpha,2021-08-09,Recurrent,78.5,Pass
130,CR-036,Alpha,2021-07-14,Recurrent,91.2,Pass
131,CR-036,Alpha,2025-02-02,Recurrent,89.8,Pass
132,CR-036,Alpha,2021-03-03,Recurrent,82.1,Pass
133,CR-037,Bravo,2022-07-26,Initial,79.6,Pass
134,CR-037,Bravo,2023-08-01,Recurrent,91.5,Pass
135,CR-038,Charlie,2024-04-15,Recurrent,100.0,Pass
136,CR-038,Charlie,2024-11-27,Initial,79.8,Pass
137,CR-039,Delta,2022-08-20,Recurrent,89.3,Pass
138,CR-039,Delta,2021-04-04,Initial,79.8,Pass
139,CR-039,Delta,2021-12-27,Initial,73.8,Pass
140,CR-039,Delta,2023-04-06,Recurrent,85.7,Pass
141,CR-040,Echo,2022-12-01,Recurrent,90.9,Pass
142,CR-040,Echo,2022-06-29,Recurrent,78.4,Pass
143,CR-041,Alpha,2023-12-15,Initial,81.7,Pass
144,CR-041,Alpha,2021-10-31,Recurrent,95.6,Pass
145,CR-041,Alpha,2023-02-27,Recurrent,96.4,Pass
146,CR-042,Bravo,2021-10-10,Initial,74.3,Pass
147,CR-042,Bravo,2022-05-29,Recurrent,84.1,Pass
148,CR-043,Charlie,2021-09-09,Recurrent,80.7,Pass
149,CR-043,Charlie,2023-09-08,Initial,77.9,Pass
150,CR-043,Charlie,2021-09-03,Recurrent,68.3,Fail
151,CR-043,Charlie,2024-08-29,Initial,77.0,Pass
152,CR-044,Delta,2022-01-24,Initial,87.2,Pass
153,CR-044,Delta,2025-04-11,Initial,100.0,Pass
154,CR-044,Delta,2022-09-25,Recurrent,91.6,Pass
155,CR-044,Delta,2022-02-22,Recurrent,90.4,Pass
156,CR-045,Echo,2021-02-27,Recurrent,85.1,Pass
157,CR-045,Echo,2022-12-19,Recurrent,78.9,Pass
158,CR-045,Echo,2022-12-13,Recurrent,74.8,Pass
159,CR-045,Echo,2024-11-28,Initial,75.6,Pass
160,CR-046,Alpha,2021-10-24,Recurrent,94.8,Pass
161,CR-046,Alpha,2022-09-18,Recurrent,92.4,Pass
162,CR-046,Alpha,2025-11-28,Recurrent,96.1,Pass
163,CR-047,Bravo,2021-03-21,Recurrent,72.5,Pass
164,CR-047,Bravo,2024-03-13,Recurrent,67.2,Fail
165,CR-047,Bravo,2024-12-05,Recurrent,92.6,Pass
166,CR-047,Bravo,2023-05-21,Recurrent,77.8,Pass
167,CR-047,Bravo,2024-05-09,Recurrent,76.5,Pass
168,CR-048,Charlie,2022-01-27,Recurrent,90.5,Pass
169,CR-048,Charlie,2022-05-25,Initial,100.0,Pass
170,CR-048,Charlie,2021-05-21,Recurrent,81.7,Pass
171,CR-048,Charlie,2021-07-26,Initial,85.0,Pass
172,CR-048,Charlie,2023-04-21,Recurrent,82.0,Pass
173,CR-049,Delta,2023-11-30,Recurrent,92.1,Pass
174,CR-049,Delta,2022-04-19,Initial,82.8,Pass
175,CR-049,Delta,2022-05-25,Recurrent,100.0,Pass
176,CR-049,Delta,2023-06-12,Initial,80.7,Pass
177,CR-049,Delta,2025-02-13,Initial,70.2,Pass
178,CR-050,Echo,2025-12-16,Recurrent,79.9,Pass
179,CR-050,Echo,2024-01-28,Recurrent,73.3,Pass
180,CR-050,Echo,2025-02-18,Recurrent,85.0,Pass
181,CR-050,Echo,2025-05-19,Recurrent,85.1,Pass
182,CR-051,Alpha,2022-05-23,Recurrent,91.7,Pass
183,CR-051,Alpha,2023-07-06,Recurrent,87.0,Pass
184,CR-052,Bravo,2025-08-03,Recurrent,86.5,Pass
185,CR-052,Bravo,2024-11-25,Initial,71.5,Pass
186,CR-052,Bravo,2022-11-07,Recurrent,82.4,Pass
187,CR-052,Bravo,2024-08-12,Recurrent,94.5,Pass
188,CR-053,Charlie,2021-05-30,Recurrent,86.2,Pass
189,CR-053,Charlie,2025-05-02,Recurrent,66.9,Fail
190,CR-054,Delta,2022-03-12,Recurrent,75.1,Pass
191,CR-054,Delta,2022-03-02,Recurrent,70.9,Pass
192,CR-054,Delta,2023-07-23,Recurrent,70.3,Pass
193,CR-054,Delta,2024-04-17,Recurrent,72.4,Pass
194,CR-055,Echo,2021-04-21,Recurrent,83.0,Pass
195,CR-055,Echo,2024-05-04,Recurrent,79.9,Pass
196,CR-056,Alpha,2021-04-24,Recurrent,100.0,Pass
197,CR-056,Alpha,2025-01-22,Recurrent,97.9,Pass
198,CR-057,Bravo,2025-06-04,Recurrent,95.3,Pass
199,CR-057,Bravo,2022-10-29,Recurrent,70.0,Fail
200,CR-057,Bravo,2021-11-07,Recurrent,66.6,Fail
201,CR-058,Charlie,2024-10-13,Recurrent,67.0,Fail
202,CR-058,Charlie,2025-06-17,Initial,80.4,Pass
203,CR-058,Charlie,2024-10-13,Initial,76.1,Pass
204,CR-058,Charlie,2023-10-01,Recurrent,83.1,Pass
205,CR-058,Charlie,2024-12-24,Recurrent,92.3,Pass
206,CR-058,Charlie,2021-03-18,Recurrent,99.7,Pass
207,CR-059,Delta,2021-10-14,Initial,97.3,Pass
208,CR-059,Delta,2025-03-08,Recurrent,78.4,Pass
209,CR-059,Delta,2023-05-24,Recurrent,70.7,Pass
210,CR-059,Delta,2023-03-15,Initial,74.1,Pass
211,CR-059,Delta,2024-10-21,Recurrent,88.7,Pass
212,CR-059,Delta,2023-10-21,Initial,80.3,Pass
213,CR-060,Echo,2022-04-20,Recurrent,90.0,Pass
214,CR-060,Echo,2021-04-03,Recurrent,78.9,Pass
215,CR-061,Alpha,2025-03-25,Recurrent,66.3,Fail
216,CR-061,Alpha,2025-10-20,Initial,82.0,Pass
217,CR-062,Bravo,2025-05-24,Recurrent,82.9,Pass
218,CR-062,Bravo,2025-12-04,Recurrent,69.7,Fail
219,CR-062,Bravo,2025-05-10,Initial,84.9,Pass
220,CR-063,Charlie,2021-05-02,Recurrent,89.0,Pass
221,CR-063,Charlie,2021-09-10,Initial,90.4,Pass
222,CR-063,Charlie,2024-09-15,Recurrent,79.0,Pass
223,CR-063,Charlie,2024-04-29,Initial,88.4,Pass
224,CR-063,Charlie,2022-06-18,Recurrent,86.6,Pass
225,CR-064,Delta,2022-10-29,Recurrent,74.5,Pass
226,CR-064,Delta,2025-12-22,Recurrent,74.5,Pass
227,CR-064,Delta,2024-12-31,Initial,71.8,Pass
228,CR-064,Delta,2025-06-25,Recurrent,58.3,Fail
229,CR-064,Delta,2022-12-06,Recurrent,88.3,Pass
230,CR-064,Delta,2021-04-24,Recurrent,100.0,Pass
231,CR-065,Echo,2024-06-18,Initial,80.2,Pass
232,CR-065,Echo,2023-07-23,Initial,82.6,Pass
233,CR-065,Echo,2022-11-12,Recurrent,76.7,Pass
234,CR-065,Echo,2024-02-18,Recurrent,68.8,Fail
235,CR-066,Alpha,2024-01-26,Recurrent,81.2,Pass
236,CR-066,Alpha,2022-06-22,Initial,87.8,Pass
237,CR-066,Alpha,2024-07-17,Initial,79.9,Pass
238,CR-066,Alpha,2025-02-15,Recurrent,97.4,Pass
239,CR-066,Alpha,2022-03-11,Recurrent,84.5,Pass
240,CR-066,Alpha,2023-07-28,Recurrent,95.0,Pass
241,CR-067,Bravo,2024-06-03,Recurrent,73.2,Pass
242,CR-067,Bravo,2021-04-01,Recurrent,73.6,Pass
243,CR-068,Charlie,2021-04-23,Recurrent,89.8,Pass
244,CR-068,Charlie,2022-08-19,Recurrent,83.6,Pass
245,CR-068,Charlie,2022-02-09,Initial,73.0,Pass
246,CR-068,Charlie,2022-09-11,Recurrent,97.2,Pass
247,CR-069,Delta,2025-10-30,Initial,82.4,Pass
248,CR-069,Delta,2025-03-18,Recurrent,85.0,Pass
249,CR-069,Delta,2025-09-02,Recurrent,85.3,Pass
250,CR-069,Delta,2022-10-02,Recurrent,84.7,Pass
251,CR-069,Delta,2022-10-07,Initial,58.8,Fail
252,CR-069,Delta,2025-08-25,Recurrent,92.9,Pass
253,CR-070,Echo,2023-11-26,Recurrent,67.9,Fail
254,CR-070,Echo,2024-11-14,Recurrent,87.2,Pass
255,CR-070,Echo,2024-07-29,Recurrent,59.6,Fail
256,CR-071,Alpha,2021-06-05,Recurrent,65.0,Fail
257,CR-071,Alpha,2024-01-20,Recurrent,66.6,Fail
258,CR-071,Alpha,2024-08-02,Recurrent,81.8,Pass
259,CR-071,Alpha,2024-06-28,Recurrent,78.2,Pass
260,CR-071,Alpha,2022-07-02,Recurrent,67.6,Fail
261,CR-072,Bravo,2023-12-02,Recurrent,76.5,Pass
262,CR-072,Bravo,2021-03-01,Recurrent,78.3,Pass
263,CR-073,Charlie,2025-11-30,Recurrent,90.4,Pass
264,CR-073,Charlie,2022-03-18,Recurrent,81.9,Pass
265,CR-073,Charlie,2021-02-04,Recurrent,62.9,Fail
266,CR-073,Charlie,2024-05-10,Recurrent,76.3,Pass
267,CR-074,Delta,2021-10-24,Initial,83.2,Pass
268,CR-074,Delta,2024-04-27,Recurrent,80.1,Pass
269,CR-075,Echo,2023-01-22,Initial,100.0,Pass
270,CR-075,Echo,2022-09-15,Recurrent,81.9,Pass
271,CR-075,Echo,2021-03-23,Recurrent,93.5,Pass
272,CR-075,Echo,2022-09-18,Recurrent,78.7,Pass
273,CR-076,Alpha,2023-05-04,Initial,91.5,Pass
274,CR-076,Alpha,2021-08-02,Recurrent,77.1,Pass
275,CR-076,Alpha,2025-02-14,Initial,84.1,Pass
276,CR-077,Bravo,2021-11-15,Recurrent,83.1,Pass
277,CR-077,Bravo,2021-10-29,Initial,81.0,Pass
278,CR-077,Bravo,2024-03-23,Recurrent,76.4,Pass
279,CR-077,Bravo,2024-12-07,Recurrent,99.8,Pass
280,CR-077,Bravo,2022-12-23,Recurrent,86.9,Pass
281,CR-078,Charlie,2023-02-23,Recurrent,86.9,Pass
282,CR-078,Charlie,2022-12-11,Recurrent,75.3,Pass
283,CR-078,Charlie,2024-02-27,Recurrent,82.3,Pass
284,CR-078,Charlie,2022-09-21,Recurrent,78.7,Pass
285,CR-079,Delta,2022-10-03,Initial,90.0,Pass
286,CR-079,Delta,2022-04-11,Recurrent,76.1,Pass
287,CR-080,Echo,2023-02-28,Recurrent,87.7,Pass
288,CR-080,Echo,2022-12-22,Recurrent,93.5,Pass
289,CR-080,Echo,2025-11-27,Recurrent,79.3,Pass
290,CR-081,Alpha,2021-10-05,Recurrent,83.6,Pass
291,CR-081,Alpha,2021-03-23,Recurrent,75.5,Pass
292,CR-082,Bravo,2022-01-03,Recurrent,81.1,Pass
293,CR-082,Bravo,2022-05-03,Recurrent,76.9,Pass
294,CR-082,Bravo,2021-01-17,Recurrent,87.2,Pass
295,CR-083,Charlie,2025-11-08,Recurrent,79.1,Pass
296,CR-083,Charlie,2022-04-24,Recurrent,80.4,Pass
297,CR-083,Charlie,2022-10-21,Recurrent,89.4,Pass
298,CR-083,Charlie,2021-03-30,Initial,82.1,Pass
299,CR-083,Charlie,2022-09-28,Recurrent,76.3,Pass
300,CR-084,Delta,2025-11-15,Recurrent,85.0,Pass
301,CR-084,Delta,2022-03-19,Recurrent,84.1,Pass
302,CR-084,Delta,2023-04-14,Initial,80.6,Pass
303,CR-084,Delta,2024-03-15,Recurrent,79.3,Pass
304,CR-085,Echo,2024-11-27,Recurrent,99.0,Pass
305,CR-085,Echo,2025-11-14,Initial,84.5,Pass
306,CR-085,Echo,2021-03-07,Recurrent,88.6,Pass
307,CR-085,Echo,2025-09-26,Initial,79.7,Pass
308,CR-085,Echo,2024-06-14,Recurrent,92.1,Pass
309,CR-085,Echo,2024-05-05,Initial,86.0,Pass
310,CR-086,Alpha,2021-05-30,Initial,67.8,Fail
311,CR-086,Alpha,2025-03-30,Recurrent,89.4,Pass
312,CR-086,Alpha,2023-10-12,Recurrent,92.8,Pass
313,CR-086,Alpha,2025-05-12,Initial,76.9,Pass
314,CR-086,Alpha,2024-12-15,Recurrent,84.6,Pass
315,CR-087,Bravo,2021-09-29,Recurrent,81.9,Pass
316,CR-087,Bravo,2024-09-18,Recurrent,90.1,Pass
317,CR-087,Bravo,2024-05-02,Recurrent,78.5,Pass
318,CR-087,Bravo,2022-11-09,Recurrent,73.7,Pass
319,CR-088,Charlie,2023-09-26,Initial,92.2,Pass
320,CR-088,Charlie,2023-07-08,Recurrent,100.0,Pass
321,CR-088,Charlie,2023-07-05,Initial,73.9,Pass
322,CR-088,Charlie,2025-05-17,Initial,71.3,Pass
323,CR-089,Delta,2021-11-03,Initial,79.7,Pass
324,CR-089,Delta,2023-08-25,Recurrent,95.8,Pass
325,CR-089,Delta,2021-06-23,Recurrent,83.7,Pass
326,CR-089,Delta,2023-02-08,Initial,74.9,Pass
327,CR-089,Delta,2023-09-01,Recurrent,82.3,Pass
328,CR-090,Echo,2024-08-10,Recurrent,83.4,Pass
329,CR-090,Echo,2024-06-07,Recurrent,92.0,Pass
330,CR-090,Echo,2025-05-18,Recurrent,70.0,Pass
331,CR-090,Echo,2025-07-11,Recurrent,64.3,Fail
332,CR-090,Echo,2022-12-20,Recurrent,88.7,Pass
333,CR-090,Echo,2023-11-24,Initial,76.2,Pass
334,CR-091,Alpha,2023-04-17,Initial,85.2,Pass
335,CR-091,Alpha,2023-07-27,Recurrent,74.9,Pass
336,CR-091,Alpha,2024-05-26,Recurrent,88.8,Pass
337,CR-091,Alpha,2024-10-20,Recurrent,90.7,Pass
338,CR-092,Bravo,2021-05-14,Recurrent,53.9,Fail
339,CR-092,Bravo,2023-12-08,Recurrent,79.8,Pass
340,CR-092,Bravo,2022-06-07,Recurrent,78.5,Pass
341,CR-092,Bravo,2022-07-06,Recurrent,70.9,Pass
342,CR-093,Charlie,2022-02-18,Initial,71.5,Pass
343,CR-093,Charlie,2025-08-05,Recurrent,75.4,Pass
344,CR-093,Charlie,2024-05-10,Recurrent,80.7,Pass
345,CR-094,Delta,2021-01-31,Recurrent,89.8,Pass
346,CR-094,Delta,2022-04-20,Recurrent,74.8,Pass
347,CR-095,Echo,2022-06-26,Initial,88.4,Pass
348,CR-095,Echo,2025-10-18,Initial,82.4,Pass
349,CR-095,Echo,2022-05-31,Initial,79.0,Pass
350,CR-096,Alpha,2024-05-29,Recurrent,80.5,Pass
351,CR-096,Alpha,2025-03-20,Initial,69.6,Fail
352,CR-097,Bravo,2024-01-28,Recurrent,76.0,Pass
353,CR-097,Bravo,2022-11-12,Initial,91.2,Pass
354,CR-097,Bravo,2024-02-24,Recurrent,82.0,Pass
355,CR-098,Charlie,2024-01-18,Recurrent,96.8,Pass
356,CR-098,Charlie,2023-01-09,Recurrent,85.4,Pass
357,CR-098,Charlie,2022-12-02,Recurrent,82.0,Pass
358,CR-098,Charlie,2025-04-06,Recurrent,97.0,Pass
359,CR-098,Charlie,2025-07-20,Recurrent,88.7,Pass
360,CR-099,Delta,2024-02-03,Recurrent,82.3,Pass
361,CR-099,Delta,2025-04-19,Recurrent,100.0,Pass
362,CR-099,Delta,2025-11-18,Initial,94.0,Pass
363,CR-100,Echo,2023-12-22,Recurrent,69.2,Fail
364,CR-100,Echo,2024-09-27,Recurrent,84.9,Pass
365,CR-101,Alpha,2023-02-14,Recurrent,83.1,Pass
366,CR-101,Alpha,2022-12-13,Initial,86.1,Pass
367,CR-101,Alpha,2024-05-11,Recurrent,98.1,Pass
368,CR-102,Bravo,2021-07-23,Recurrent,88.9,Pass
369,CR-102,Bravo,2021-07-06,Recurrent,77.3,Pass
370,CR-102,Bravo,2022-09-07,Recurrent,79.2,Pass
371,CR-102,Bravo,2023-01-13,Recurrent,87.5,Pass
372,CR-102,Bravo,2025-02-17,Recurrent,69.5,Fail
373,CR-102,Bravo,2022-12-27,Recurrent,79.0,Pass
374,CR-103,Charlie,2022-03-01,Initial,87.0,Pass
375,CR-103,Charlie,2021-03-27,Recurrent,80.8,Pass
376,CR-103,Charlie,2021-06-12,Initial,100.0,Pass
377,CR-104,Delta,2021-07-06,Initial,74.1,Pass
378,CR-104,Delta,2025-07-05,Recurrent,99.7,Pass
379,CR-104,Delta,2025-05-05,Initial,74.1,Pass
380,CR-104,Delta,2022-08-09,Recurrent,64.7,Fail
381,CR-104,Delta,2024-11-21,Recurrent,92.2,Pass
382,CR-105,Echo,2021-04-01,Recurrent,87.0,Pass
383,CR-105,Echo,2021-07-05,Initial,82.9,Pass
384,CR-106,Alpha,2025-09-26,Recurrent,71.1,Pass
385,CR-106,Alpha,2024-03-22,Recurrent,71.4,Pass
386,CR-106,Alpha,2023-09-05,Recurrent,76.1,Pass
387,CR-106,Alpha,2022-09-28,Initial,61.8,Fail
388,CR-106,Alpha,2025-10-13,Initial,85.5,Pass
389,CR-106,Alpha,2024-09-02,Recurrent,72.0,Pass
390,CR-107,Bravo,2024-07-11,Recurrent,68.6,Fail
391,CR-107,Bravo,2024-03-29,Initial,85.1,Pass
392,CR-107,Bravo,2025-11-21,Initial,100.0,Pass
393,CR-108,Charlie,2022-06-09,Recurrent,84.2,Pass
394,CR-108,Charlie,2023-04-23,Initial,80.0,Pass
395,CR-108,Charlie,2025-09-19,Initial,85.7,Pass
396,CR-108,Charlie,2024-01-27,Recurrent,86.2,Pass
397,CR-109,Delta,2021-02-22,Initial,83.9,Pass
398,CR-109,Delta,2021-04-08,Recurrent,100.0,Pass
399,CR-109,Delta,2024-12-08,Recurrent,97.1,Pass
400,CR-110,Echo,2021-09-17,Recurrent,71.8,Pass
401,CR-110,Echo,2022-04-04,Initial,79.9,Pass
402,CR-110,Echo,2023-11-28,Recurrent,77.0,Pass
403,CR-110,Echo,2025-02-10,Initial,87.7,Pass
404,CR-110,Echo,2024-08-31,Recurrent,69.7,Fail
405,CR-110,Echo,2025-07-21,Initial,79.9,Pass
406,CR-111,Alpha,2023-09-14,Recurrent,62.5,Fail
407,CR-111,Alpha,2022-12-01,Recurrent,77.6,Pass
408,CR-111,Alpha,2021-02-01,Recurrent,84.5,Pass
409,CR-111,Alpha,2023-12-20,Recurrent,71.8,Pass
410,CR-111,Alpha,2022-09-30,Recurrent,77.1,Pass
411,CR-112,Bravo,2025-05-21,Initial,81.2,Pass
412,CR-112,Bravo,2025-09-08,Recurrent,82.4,Pass
413,CR-112,Bravo,2021-07-31,Initial,81.7,Pass
414,CR-112,Bravo,2023-10-05,Initial,87.3,Pass
415,CR-113,Charlie,2021-08-20,Recurrent,80.3,Pass
416,CR-113,Charlie,2021-08-09,Initial,86.7,Pass
417,CR-113,Charlie,2024-09-01,Recurrent,79.6,Pass
418,CR-113,Charlie,2022-10-09,Recurrent,93.0,Pass
419,CR-113,Charlie,2021-11-08,Recurrent,69.5,Fail
420,CR-114,Delta,2023-05-03,Recurrent,82.9,Pass
421,CR-114,Delta,2025-08-07,Recurrent,78.7,Pass
422,CR-115,Echo,2025-10-11,Initial,78.2,Pass
423,CR-115,Echo,2023-06-01,Initial,84.2,Pass
424,CR-115,Echo,2025-04-01,Initial,81.9,Pass
425,CR-115,Echo,2021-04-25,Recurrent,92.3,Pass
426,CR-115,Echo,2024-10-16,Recurrent,76.8,Pass
427,CR-115,Echo,2021-01-21,Initial,80.8,Pass
428,CR-116,Alpha,2024-01-22,Recurrent,85.2,Pass
429,CR-116,Alpha,2022-08-29,Initial,91.6,Pass
430,CR-116,Alpha,2023-11-16,Recurrent,100.0,Pass
431,CR-116,Alpha,2022-05-22,Initial,77.6,Pass
432,CR-116,Alpha,2024-03-25,Recurrent,100.0,Pass
433,CR-116,Alpha,2023-04-16,Recurrent,61.7,Fail
434,CR-117,Bravo,2021-06-14,Initial,96.1,Pass
435,CR-117,Bravo,2025-07-29,Initial,72.8,Pass
436,CR-117,Bravo,2024-01-21,Recurrent,95.0,Pass
437,CR-117,Bravo,2023-11-01,Recurrent,95.0,Pass
438,CR-118,Charlie,2024-01-13,Recurrent,92.8,Pass
439,CR-118,Charlie,2023-07-14,Recurrent,63.3,Fail
440,CR-118,Charlie,2021-10-16,Recurrent,86.2,Pass
441,CR-118,Charlie,2021-10-15,Recurrent,87.5,Pass
442,CR-119,Delta,2025-05-10,Recurrent,81.1,Pass
443,CR-119,Delta,2023-10-25,Recurrent,99.8,Pass
444,CR-119,Delta,2021-07-30,Initial,85.3,Pass
445,CR-119,Delta,2025-03-26,Recurrent,89.2,Pass
446,CR-119,Delta,2023-04-01,Recurrent,83.2,Pass
447,CR-119,Delta,2023-02-14,Initial,70.0,Pass
448,CR-120,Echo,2023-05-31,Initial,95.5,Pass
449,CR-120,Echo,2022-12-18,Recurrent,91.1,Pass
450,CR-120,Echo,2024-06-06,Recurrent,82.5,Pass
451,CR-121,Alpha,2021-08-04,Recurrent,83.4,Pass
452,CR-121,Alpha,2022-04-08,Recurrent,77.2,Pass
453,CR-121,Alpha,2024-05-23,Initial,94.5,Pass
454,CR-121,Alpha,2021-01-10,Initial,83.9,Pass
455,CR-122,Bravo,2024-01-15,Initial,74.7,Pass
456,CR-122,Bravo,2025-06-20,Recurrent,81.2,Pass
457,CR-122,Bravo,2021-02-26,Recurrent,96.6,Pass
458,CR-122,Bravo,2023-10-28,Recurrent,76.8,Pass
459,CR-122,Bravo,2021-10-30,Recurrent,63.4,Fail
460,CR-122,Bravo,2021-11-25,Initial,56.5,Fail
461,CR-123,Charlie,2025-12-06,Recurrent,81.5,Pass
462,CR-123,Charlie,2023-02-24,Recurrent,73.5,Pass
463,CR-123,Charlie,2023-06-24,Recurrent,84.0,Pass
464,CR-123,Charlie,2023-11-17,Initial,92.2,Pass
465,CR-124,Delta,2021-10-26,Recurrent,97.1,Pass
466,CR-124,Delta,2022-09-11,Recurrent,73.5,Pass
467,CR-124,Delta,2024-04-24,Recurrent,83.9,Pass
468,CR-124,Delta,2023-10-12,Initial,92.9,Pass
469,CR-124,Delta,2023-03-22,Initial,73.2,Pass
470,CR-125,Echo,2023-01-14,Initial,67.0,Fail
471,CR-125,Echo,2024-04-18,Recurrent,67.8,Fail
472,CR-125,Echo,2024-06-04,Recurrent,70.9,Pass
473,CR-126,Alpha,2025-12-13,Recurrent,86.6,Pass
474,CR-126,Alpha,2021-01-14,Recurrent,82.6,Pass
475,CR-126,Alpha,2024-06-06,Initial,93.5,Pass
476,CR-126,Alpha,2022-11-06,Recurrent,79.0,Pass
477,CR-126,Alpha,2021-11-09,Recurrent,88.7,Pass
478,CR-127,Bravo,2023-06-18,Recurrent,91.3,Pass
479,CR-127,Bravo,2021-10-02,Initial,79.6,Pass
480,CR-127,Bravo,2021-12-22,Recurrent,73.7,Pass
481,CR-127,Bravo,2023-05-02,Recurrent,70.0,Fail
482,CR-127,Bravo,2024-11-15,Initial,74.6,Pass
483,CR-127,Bravo,2021-09-06,Recurrent,76.8,Pass
484,CR-128,Charlie,2025-09-29,Recurrent,75.5,Pass
485,CR-128,Charlie,2022-08-20,Initial,71.2,Pass
486,CR-128,Charlie,2023-09-30,Recurrent,84.9,Pass
487,CR-128,Charlie,2022-02-19,Recurrent,88.6,Pass
488,CR-128,Charlie,2024-08-21,Recurrent,79.1,Pass
489,CR-128,Charlie,2023-06-24,Recurrent,94.9,Pass
490,CR-129,Delta,2023-04-05,Initial,66.2,Fail
491,CR-129,Delta,2025-08-24,Recurrent,66.4,Fail
492,CR-130,Echo,2024-02-29,Recurrent,87.3,Pass
493,CR-130,Echo,2025-11-16,Recurrent,76.5,Pass
494,CR-130,Echo,2021-02-24,Recurrent,98.2,Pass
495,CR-131,Alpha,2024-06-25,Recurrent,96.2,Pass
496,CR-131,Alpha,2023-06-09,Recurrent,90.6,Pass
497,CR-131,Alpha,2022-07-20,Recurrent,79.5,Pass
498,CR-131,Alpha,2023-02-04,Recurrent,93.5,Pass
499,CR-131,Alpha,2024-08-02,Recurrent,68.2,Fail
500,CR-131,Alpha,2025-01-19,Initial,81.8,Pass
501,CR-132,Bravo,2023-10-15,Initial,70.2,Pass
502,CR-132,Bravo,2024-10-22,Recurrent,91.5,Pass
503,CR-132,Bravo,2023-08-19,Recurrent,80.3,Pass
504,CR-132,Bravo,2024-03-24,Recurrent,74.5,Pass
505,CR-133,Charlie,2022-10-23,Recurrent,87.3,Pass
506,CR-133,Charlie,2024-07-12,Recurrent,83.1,Pass
507,CR-133,Charlie,2024-10-19,Initial,82.3,Pass
508,CR-134,Delta,2025-09-08,Recurrent,67.1,Fail
509,CR-134,Delta,2025-11-12,Recurrent,100.0,Pass
510,CR-134,Delta,2023-05-22,Recurrent,68.4,Fail
511,CR-134,Delta,2021-01-22,Initial,90.8,Pass
512,CR-134,Delta,2024-10-01,Recurrent,82.9,Pass
513,CR-135,Echo,2022-05-11,Recurrent,85.6,Pass
514,CR-135,Echo,2024-04-08,Recurrent,80.8,Pass
515,CR-135,Echo,2022-03-22,Recurrent,86.5,Pass
516,CR-135,Echo,2025-12-09,Recurrent,92.8,Pass
517,CR-135,Echo,2023-03-02,Initial,87.6,Pass
518,CR-136,Alpha,2021-04-10,Initial,77.2,Pass
519,CR-136,Alpha,2021-01-22,Recurrent,72.4,Pass
520,CR-137,Bravo,2021-02-28,Recurrent,67.5,Fail
521,CR-137,Bravo,2024-06-19,Recurrent,81.9,Pass
522,CR-137,Bravo,2024-05-01,Initial,85.5,Pass
523,CR-137,Bravo,2022-11-03,Recurrent,74.2,Pass
524,CR-138,Charlie,2023-03-28,Recurrent,92.6,Pass
525,CR-138,Charlie,2023-05-03,Recurrent,82.0,Pass
526,CR-138,Charlie,2025-03-22,Recurrent,84.0,Pass
527,CR-138,Charlie,2021-04-29,Recurrent,73.6,Pass
528,CR-138,Charlie,2022-11-08,Recurrent,62.6,Fail
529,CR-138,Charlie,2022-12-15,Initial,74.2,Pass
530,CR-139,Delta,2024-09-25,Initial,90.1,Pass
531,CR-139,Delta,2022-10-07,Initial,82.0,Pass
532,CR-139,Delta,2025-05-26,Recurrent,75.8,Pass
533,CR-139,Delta,2024-05-12,Recurrent,90.6,Pass
534,CR-139,Delta,2025-07-30,Recurrent,78.8,Pass
535,CR-139,Delta,2021-01-01,Recurrent,76.0,Pass
536,CR-140,Echo,2021-05-01,Recurrent,91.3,Pass
537,CR-140,Echo,2023-08-27,Recurrent,95.2,Pass
538,CR-140,Echo,2023-05-09,Recurrent,88.0,Pass
539,CR-141,Alpha,2023-07-19,Recurrent,71.4,Pass
540,CR-141,Alpha,2022-09-25,Recurrent,70.3,Pass
541,CR-141,Alpha,2023-07-10,Recurrent,82.8,Pass
542,CR-141,Alpha,2021-12-04,Initial,80.4,Pass
543,CR-141,Alpha,2022-05-21,Initial,73.8,Pass
544,CR-141,Alpha,2024-09-03,Recurrent,76.0,Pass
545,CR-142,Bravo,2024-03-10,Recurrent,99.5,Pass
546,CR-142,Bravo,2025-04-12,Recurrent,69.4,Fail
547,CR-142,Bravo,2025-12-01,Initial,83.5,Pass
548,CR-142,Bravo,2021-02-03,Recurrent,70.7,Pass
549,CR-142,Bravo,2023-06-04,Recurrent,96.6,Pass
550,CR-142,Bravo,2021-07-01,Recurrent,100.0,Pass
551,CR-143,Charlie,2022-03-03,Recurrent,98.5,Pass
552,CR-143,Charlie,2022-04-07,Recurrent,79.4,Pass
553,CR-144,Delta,2024-03-12,Recurrent,75.9,Pass
554,CR-144,Delta,2022-05-16,Recurrent,73.9,Pass
555,CR-145,Echo,2022-11-06,Recurrent,55.6,Fail
556,CR-145,Echo,2023-09-11,Initial,82.9,Pass
557,CR-145,Echo,2024-03-06,Recurrent,76.7,Pass
558,CR-145,Echo,2024-10-12,Initial,90.5,Pass
559,CR-145,Echo,2023-01-05,Recurrent,81.2,Pass
560,CR-146,Alpha,2023-07-22,Recurrent,72.6,Pass
561,CR-146,Alpha,2024-06-22,Recurrent,84.5,Pass
562,CR-146,Alpha,2021-01-11,Initial,84.3,Pass
563,CR-146,Alpha,2021-03-12,Recurrent,78.0,Pass
564,CR-146,Alpha,2023-09-23,Recurrent,78.6,Pass
565,CR-146,Alpha,2022-06-01,Recurrent,95.0,Pass
566,CR-147,Bravo,2023-07-22,Recurrent,91.2,Pass
567,CR-147,Bravo,2025-11-15,Recurrent,73.8,Pass
568,CR-147,Bravo,2022-03-22,Recurrent,55.2,Fail
569,CR-148,Charlie,2024-03-21,Initial,90.3,Pass
570,CR-148,Charlie,2021-08-02,Recurrent,83.3,Pass
571,CR-148,Charlie,2024-08-17,Initial,90.7,Pass
572,CR-148,Charlie,2023-03-20,Recurrent,78.8,Pass
573,CR-148,Charlie,2025-12-01,Recurrent,78.8,Pass
574,CR-148,Charlie,2023-09-01,Recurrent,71.0,Pass
575,CR-149,Delta,2025-07-12,Initial,94.4,Pass
576,CR-149,Delta,2024-07-29,Recurrent,78.3,Pass
577,CR-150,Echo,2022-02-26,Recurrent,80.3,Pass
578,CR-150,Echo,2023-12-08,Recurrent,68.0,Fail
579,CR-151,Alpha,2023-07-25,Recurrent,75.9,Pass
580,CR-151,Alpha,2023-11-09,Recurrent,93.1,Pass
581,CR-151,Alpha,2022-06-10,Recurrent,75.3,Pass
582,CR-151,Alpha,2024-04-17,Recurrent,69.6,Fail
583,CR-152,Bravo,2025-10-18,Initial,91.6,Pass
584,CR-152,Bravo,2025-08-21,Initial,99.4,Pass
585,CR-153,Charlie,2024-12-11,Recurrent,89.9,Pass
586,CR-153,Charlie,2024-02-29,Recurrent,76.6,Pass
587,CR-153,Charlie,2022-10-23,Initial,76.8,Pass
588,CR-153,Charlie,2024-09-11,Recurrent,87.9,Pass
589,CR-153,Charlie,2022-05-25,Recurrent,94.4,Pass
590,CR-154,Delta,2022-05-25,Recurrent,75.7,Pass
591,CR-154,Delta,2025-02-11,Initial,73.1,Pass
592,CR-154,Delta,2024-05-28,Recurrent,92.8,Pass
593,CR-154,Delta,2025-11-22,Recurrent,100.0,Pass
594,CR-155,Echo,2022-07-09,Recurrent,80.1,Pass
595,CR-155,Echo,2022-09-24,Recurrent,90.9,Pass
596,CR-156,Alpha,2022-07-19,Recurrent,91.5,Pass
597,CR-156,Alpha,2024-09-24,Initial,68.8,Fail
598,CR-156,Alpha,2024-03-03,Recurrent,81.8,Pass
599,CR-157,Bravo,2022-06-07,Recurrent,76.5,Pass
600,CR-157,Bravo,2023-11-09,Recurrent,65.9,Fail
601,CR-158,Charlie,2022-08-23,Recurrent,80.4,Pass
602,CR-158,Charlie,2023-09-23,Recurrent,69.8,Fail
603,CR-158,Charlie,2021-08-03,Recurrent,72.9,Pass
604,CR-158,Charlie,2024-06-21,Recurrent,90.5,Pass
605,CR-158,Charlie,2023-10-19,Recurrent,74.6,Pass
606,CR-158,Charlie,2024-02-26,Recurrent,82.2,Pass
607,CR-159,Delta,2023-03-30,Recurrent,100.0,Pass
608,CR-159,Delta,2025-02-16,Initial,76.1,Pass
609,CR-159,Delta,2021-11-21,Initial,89.3,Pass
610,CR-159,Delta,2023-01-09,Recurrent,84.6,Pass
611,CR-159,Delta,2022-02-09,Initial,68.3,Fail
612,CR-160,Echo,2024-03-01,Recurrent,66.8,Fail
613,CR-160,Echo,2023-04-14,Recurrent,80.8,Pass
614,CR-160,Echo,2025-05-07,Recurrent,78.8,Pass
615,CR-160,Echo,2023-10-10,Recurrent,78.7,Pass
616,CR-160,Echo,2021-07-23,Recurrent,81.4,Pass
617,CR-161,Alpha,2025-09-22,Recurrent,75.8,Pass
618,CR-161,Alpha,2022-06-14,Initial,93.6,Pass
619,CR-162,Bravo,2021-02-23,Recurrent,75.9,Pass
620,CR-162,Bravo,2025-08-31,Recurrent,82.8,Pass
621,CR-162,Bravo,2021-06-24,Initial,80.1,Pass
622,CR-162,Bravo,2025-04-11,Recurrent,65.6,Fail
623,CR-162,Bravo,2024-12-17,Recurrent,79.0,Pass
624,CR-162,Bravo,2025-01-29,Recurrent,99.4,Pass
625,CR-163,Charlie,2021-11-29,Recurrent,74.1,Pass
626,CR-163,Charlie,2025-05-05,Recurrent,88.9,Pass
627,CR-164,Delta,2021-12-08,Recurrent,81.3,Pass
628,CR-164,Delta,2023-10-08,Recurrent,83.7,Pass
629,CR-164,Delta,2024-10-12,Recurrent,88.6,Pass
630,CR-164,Delta,2021-04-17,Recurrent,67.7,Fail
631,CR-164,Delta,2021-06-04,Initial,87.2,Pass
632,CR-165,Echo,2023-03-25,Recurrent,88.9,Pass
633,CR-165,Echo,2022-03-24,Recurrent,70.2,Pass
634,CR-165,Echo,2023-10-11,Initial,86.9,Pass
635,CR-166,Alpha,2023-09-08,Recurrent,68.1,Fail
636,CR-166,Alpha,2023-05-05,Recurrent,64.5,Fail
637,CR-166,Alpha,2022-03-23,Initial,91.9,Pass
638,CR-167,Bravo,2023-03-21,Recurrent,82.1,Pass
639,CR-167,Bravo,2023-01-03,Recurrent,72.0,Pass
640,CR-167,Bravo,2022-12-31,Recurrent,88.8,Pass
641,CR-167,Bravo,2022-01-07,Recurrent,83.8,Pass
642,CR-167,Bravo,2024-10-09,Recurrent,83.4,Pass
643,CR-168,Charlie,2023-05-01,Initial,88.2,Pass
644,CR-168,Charlie,2023-10-14,Initial,82.4,Pass
645,CR-168,Charlie,2024-07-24,Recurrent,82.1,Pass
646,CR-168,Charlie,2023-09-25,Recurrent,76.7,Pass
647,CR-168,Charlie,2025-08-03,Recurrent,67.5,Fail
648,CR-169,Delta,2021-02-10,Recurrent,97.9,Pass
649,CR-169,Delta,2025-09-05,Recurrent,87.2,Pass
650,CR-169,Delta,2022-11-07,Recurrent,79.4,Pass
651,CR-169,Delta,2025-05-28,Recurrent,85.0,Pass
652,CR-169,Delta,2022-03-31,Recurrent,79.4,Pass
653,CR-169,Delta,2022-04-09,Recurrent,63.5,Fail
654,CR-170,Echo,2023-01-01,Recurrent,85.6,Pass
655,CR-170,Echo,2023-10-22,Recurrent,81.1,Pass
656,CR-170,Echo,2021-12-01,Recurrent,81.9,Pass
657,CR-170,Echo,2024-02-10,Initial,87.0,Pass
658,CR-170,Echo,2024-11-06,Recurrent,90.7,Pass
659,CR-171,Alpha,2024-02-27,Initial,85.8,Pass
660,CR-171,Alpha,2021-09-24,Recurrent,94.5,Pass
661,CR-172,Bravo,2021-02-21,Initial,80.5,Pass
662,CR-172,Bravo,2023-03-28,Recurrent,85.5,Pass
663,CR-172,Bravo,2024-08-04,Recurrent,84.6,Pass
664,CR-173,Charlie,2025-10-10,Initial,97.7,Pass
665,CR-173,Charlie,2024-01-11,Recurrent,79.2,Pass
666,CR-174,Delta,2022-05-18,Recurrent,68.4,Fail
667,CR-174,Delta,2022-02-05,Recurrent,88.8,Pass
668,CR-175,Echo,2023-04-26,Recurrent,92.5,Pass
669,CR-175,Echo,2021-10-21,Recurrent,88.0,Pass
670,CR-175,Echo,2022-04-05,Recurrent,78.0,Pass
671,CR-175,Echo,2023-12-24,Recurrent,68.6,Fail
672,CR-175,Echo,2022-11-26,Initial,83.6,Pass
673,CR-175,Echo,2021-02-18,Initial,84.6,Pass
674,CR-176,Alpha,2022-07-29,Initial,78.2,Pass
675,CR-176,Alpha,2025-03-01,Recurrent,82.2,Pass
676,CR-176,Alpha,2021-08-19,Initial,80.5,Pass
677,CR-176,Alpha,2024-12-20,Initial,82.5,Pass
678,CR-177,Bravo,2025-11-29,Recurrent,83.0,Pass
679,CR-177,Bravo,2025-09-16,Recurrent,78.4,Pass
680,CR-177,Bravo,2025-07-19,Recurrent,78.8,Pass
681,CR-177,Bravo,2022-08-06,Recurrent,81.5,Pass
682,CR-177,Bravo,2021-03-08,Initial,83.5,Pass
683,CR-178,Charlie,2021-07-01,Recurrent,84.5,Pass
684,CR-178,Charlie,2024-10-09,Initial,83.0,Pass
685,CR-178,Charlie,2025-09-08,Recurrent,76.5,Pass
686,CR-178,Charlie,2021-07-21,Initial,84.3,Pass
687,CR-179,Delta,2023-06-26,Recurrent,99.3,Pass
688,CR-179,Delta,2021-06-06,Recurrent,75.2,Pass
689,CR-179,Delta,2025-08-03,Initial,78.4,Pass
690,CR-179,Delta,2022-12-12,Initial,77.0,Pass
691,CR-180,Echo,2025-05-11,Recurrent,81.7,Pass
692,CR-180,Echo,2021-11-10,Recurrent,89.3,Pass
693,CR-180,Echo,2023-05-18,Recurrent,86.3,Pass
694,CR-180,Echo,2023-06-02,Recurrent,79.5,Pass
695,CR-181,Alpha,2023-11-18,Recurrent,84.3,Pass
696,CR-181,Alpha,2024-12-14,Recurrent,100.0,Pass
697,CR-182,Bravo,2024-12-30,Recurrent,76.1,Pass
698,CR-182,Bravo,2023-02-10,Recurrent,79.7,Pass
699,CR-182,Bravo,2023-03-06,Recurrent,77.3,Pass
700,CR-182,Bravo,2024-10-21,Recurrent,81.3,Pass
701,CR-182,Bravo,2024-03-27,Recurrent,86.4,Pass
702,CR-182,Bravo,2023-01-14,Initial,83.3,Pass
703,CR-183,Charlie,2023-04-07,Initial,73.7,Pass
704,CR-183,Charlie,2025-04-25,Recurrent,88.0,Pass
705,CR-184,Delta,2021-09-07,Recurrent,87.0,Pass
706,CR-184,Delta,2023-05-28,Recurrent,86.0,Pass
707,CR-185,Echo,2022-09-03,Recurrent,81.7,Pass
708,CR-185,Echo,2023-06-24,Initial,66.5,Fail
709,CR-185,Echo,2025-12-12,Recurrent,95.3,Pass
710,CR-185,Echo,2021-09-01,Recurrent,95.6,Pass
711,CR-185,Echo,2023-08-07,Initial,81.6,Pass
712,CR-185,Echo,2022-08-23,Recurrent,96.6,Pass
713,CR-186,Alpha,2025-08-02,Recurrent,95.6,Pass
714,CR-186,Alpha,2024-03-05,Initial,82.1,Pass
715,CR-186,Alpha,2024-05-12,Recurrent,67.3,Fail
716,CR-186,Alpha,2021-08-16,Recurrent,82.4,Pass
717,CR-187,Bravo,2022-03-23,Recurrent,83.3,Pass
718,CR-187,Bravo,2023-09-16,Recurrent,77.3,Pass
719,CR-187,Bravo,2022-04-05,Recurrent,82.6,Pass
720,CR-188,Charlie,2024-08-20,Recurrent,79.1,Pass
721,CR-188,Charlie,2021-08-10,Recurrent,90.7,Pass
722,CR-188,Charlie,2021-03-09,Recurrent,88.7,Pass
723,CR-188,Charlie,2021-10-08,Recurrent,88.3,Pass
724,CR-188,Charlie,2025-01-27,Recurrent,71.6,Pass
725,CR-188,Charlie,2025-10-11,Recurrent,95.8,Pass
726,CR-189,Delta,2023-07-02,Initial,96.0,Pass
727,CR-189,Delta,2021-03-22,Initial,65.0,Fail
728,CR-189,Delta,2021-11-16,Recurrent,79.6,Pass
729,CR-190,Echo,2024-06-15,Initial,80.3,Pass
730,CR-190,Echo,2022-06-27,Recurrent,91.6,Pass
731,CR-190,Echo,2021-06-25,Recurrent,70.1,Pass
732,CR-190,Echo,2022-11-01,Recurrent,100.0,Pass
733,CR-190,Echo,2022-10-17,Recurrent,80.0,Pass
734,CR-190,Echo,2023-09-01,Recurrent,97.3,Pass
735,CR-191,Alpha,2021-02-14,Recurrent,78.5,Pass
736,CR-191,Alpha,2024-06-26,Recurrent,90.2,Pass
737,CR-191,Alpha,2024-04-01,Recurrent,95.3,Pass
738,CR-191,Alpha,2025-06-07,Recurrent,76.7,Pass
739,CR-191,Alpha,2021-06-05,Recurrent,100.0,Pass
740,CR-191,Alpha,2024-06-05,Initial,83.3,Pass
741,CR-192,Bravo,2025-08-23,Initial,91.7,Pass
742,CR-192,Bravo,2021-07-14,Recurrent,94.3,Pass
743,CR-192,Bravo,2024-02-18,Initial,78.5,Pass
744,CR-192,Bravo,2023-01-13,Recurrent,72.5,Pass
745,CR-192,Bravo,2023-12-03,Recurrent,89.9,Pass
746,CR-192,Bravo,2024-03-17,Recurrent,89.0,Pass
747,CR-193,Charlie,2024-08-31,Recurrent,80.8,Pass
748,CR-193,Charlie,2022-03-23,Recurrent,72.0,Pass
749,CR-194,Delta,2022-02-11,Recurrent,79.1,Pass
750,CR-194,Delta,2022-01-03,Initial,82.4,Pass
751,CR-195,Echo,2022-12-22,Recurrent,93.2,Pass
752,CR-195,Echo,2025-05-11,Initial,65.0,Fail
753,CR-195,Echo,2024-08-21,Recurrent,80.3,Pass
754,CR-196,Alpha,2024-12-16,Recurrent,66.5,Fail
755,CR-196,Alpha,2022-04-23,Recurrent,71.5,Pass
756,CR-196,Alpha,2022-10-30,Initial,89.4,Pass
757,CR-196,Alpha,2023-01-05,Recurrent,80.3,Pass
758,CR-196,Alpha,2024-02-20,Recurrent,86.3,Pass
759,CR-196,Alpha,2024-04-21,Recurrent,77.3,Pass
760,CR-197,Bravo,2023-07-28,Recurrent,77.3,Pass
761,CR-197,Bravo,2022-09-16,Initial,79.4,Pass
762,CR-198,Charlie,2024-01-23,Recurrent,88.6,Pass
763,CR-198,Charlie,2025-07-11,Recurrent,76.4,Pass
764,CR-198,Charlie,2022-12-16,Recurrent,73.2,Pass
765,CR-198,Charlie,2023-01-18,Recurrent,87.3,Pass
766,CR-198,Charlie,2022-05-30,Recurrent,75.6,Pass
767,CR-199,Delta,2022-02-07,Initial,79.8,Pass
768,CR-199,Delta,2021-12-08,Recurrent,83.9,Pass
769,CR-199,Delta,2024-08-23,Recurrent,89.5,Pass
770,CR-199,Delta,2022-05-28,Recurrent,78.6,Pass
771,CR-200,Echo,2024-04-09,Initial,83.0,Pass
772,CR-200,Echo,2025-04-12,Recurrent,77.1,Pass
773,CR-200,Echo,2022-01-09,Recurrent,84.4,Pass
774,CR-200,Echo,2024-04-08,Initial,88.7,Pass
775,CR-201,Alpha,2024-07-07,Initial,78.6,Pass
776,CR-201,Alpha,2023-07-08,Recurrent,86.0,Pass
777,CR-201,Alpha,2025-07-23,Initial,91.3,Pass
778,CR-202,Bravo,2023-06-15,Recurrent,78.8,Pass
779,CR-202,Bravo,2025-12-07,Recurrent,82.3,Pass
780,CR-202,Bravo,2025-04-15,Recurrent,98.9,Pass
781,CR-202,Bravo,2022-04-28,Recurrent,73.3,Pass
782,CR-203,Charlie,2021-04-19,Recurrent,68.8,Fail
783,CR-203,Charlie,2021-08-27,Recurrent,83.2,Pass
784,CR-203,Charlie,2022-09-17,Initial,81.6,Pass
785,CR-203,Charlie,2024-11-28,Recurrent,87.6,Pass
786,CR-204,Delta,2024-05-31,Initial,81.4,Pass
787,CR-204,Delta,2024-12-29,Recurrent,70.8,Pass
788,CR-204,Delta,2022-03-23,Recurrent,86.3,Pass
789,CR-204,Delta,2023-01-02,Initial,83.0,Pass
790,CR-205,Echo,2022-12-26,Recurrent,84.1,Pass
791,CR-205,Echo,2025-01-29,Recurrent,79.1,Pass
792,CR-205,Echo,2022-06-11,Recurrent,79.5,Pass
793,CR-206,Alpha,2021-02-09,Recurrent,81.2,Pass
794,CR-206,Alpha,2022-04-19,Recurrent,87.6,Pass
795,CR-206,Alpha,2023-05-09,Initial,86.5,Pass
796,CR-207,Bravo,2022-01-06,Recurrent,74.1,Pass
797,CR-207,Bravo,2023-08-04,Recurrent,74.4,Pass
798,CR-207,Bravo,2025-12-06,Initial,95.0,Pass
799,CR-208,Charlie,2023-09-23,Recurrent,77.1,Pass
800,CR-208,Charlie,2024-05-08,Recurrent,100.0,Pass
801,CR-208,Charlie,2025-03-27,Recurrent,100.0,Pass
802,CR-208,Charlie,2023-01-28,Recurrent,80.0,Pass
803,CR-209,Delta,2021-11-23,Initial,85.9,Pass
804,CR-209,Delta,2023-08-15,Initial,69.6,Fail
805,CR-210,Echo,2024-04-08,Recurrent,89.3,Pass
806,CR-210,Echo,2025-07-12,Recurrent,75.8,Pass
807,CR-210,Echo,2022-03-13,Recurrent,67.0,Fail
808,CR-210,Echo,2022-05-21,Initial,91.2,Pass
809,CR-210,Echo,2023-05-08,Recurrent,82.9,Pass
810,CR-211,Alpha,2024-02-11,Recurrent,98.1,Pass
811,CR-211,Alpha,2023-01-11,Recurrent,82.4,Pass
812,CR-212,Bravo,2024-03-06,Recurrent,77.1,Pass
813,CR-212,Bravo,2022-04-07,Recurrent,86.4,Pass
814,CR-212,Bravo,2021-11-10,Initial,82.7,Pass
815,CR-213,Charlie,2023-07-07,Recurrent,80.4,Pass
816,CR-213,Charlie,2022-06-30,Recurrent,92.2,Pass
817,CR-213,Charlie,2025-05-18,Initial,84.5,Pass
818,CR-213,Charlie,2021-07-15,Initial,80.7,Pass
819,CR-214,Delta,2022-11-14,Recurrent,69.4,Fail
820,CR-214,Delta,2022-12-26,Recurrent,83.5,Pass
821,CR-214,Delta,2022-08-25,Recurrent,80.1,Pass
822,CR-215,Echo,2023-04-17,Recurrent,66.1,Fail
823,CR-215,Echo,2023-01-24,Recurrent,90.0,Pass
824,CR-215,Echo,2022-06-11,Recurrent,74.7,Pass
825,CR-215,Echo,2023-10-23,Recurrent,94.0,Pass
826,CR-215,Echo,2024-09-21,Initial,83.2,Pass
827,CR-215,Echo,2025-12-07,Recurrent,95.5,Pass
828,CR-216,Alpha,2023-02-28,Recurrent,87.0,Pass
829,CR-216,Alpha,2022-01-04,Initial,92.5,Pass
830,CR-216,Alpha,2022-06-24,Recurrent,83.6,Pass
831,CR-217,Bravo,2024-02-01,Recurrent,85.1,Pass
832,CR-217,Bravo,2024-02-12,Recurrent,89.7,Pass
833,CR-217,Bravo,2024-01-11,Initial,89.4,Pass
834,CR-217,Bravo,2024-05-08,Recurrent,83.5,Pass
835,CR-217,Bravo,2023-09-11,Recurrent,95.3,Pass
836,CR-217,Bravo,2022-03-21,Recurrent,81.6,Pass
837,CR-218,Charlie,2025-05-23,Recurrent,94.9,Pass
838,CR-218,Charlie,2024-05-11,Recurrent,87.2,Pass
839,CR-218,Charlie,2023-05-19,Recurrent,89.6,Pass
840,CR-219,Delta,2023-12-07,Initial,89.1,Pass
841,CR-219,Delta,2023-07-10,Recurrent,75.4,Pass
842,CR-219,Delta,2023-05-24,Recurrent,78.7,Pass
843,CR-220,Echo,2023-07-12,Initial,81.8,Pass
844,CR-220,Echo,2023-08-03,Recurrent,82.4,Pass
845,CR-220,Echo,2025-01-14,Recurrent,82.7,Pass
846,CR-220,Echo,2023-07-26,Recurrent,75.3,Pass
847,CR-220,Echo,2022-11-14,Recurrent,79.4,Pass
848,CR-221,Alpha,2021-06-14,Recurrent,94.5,Pass
849,CR-221,Alpha,2021-10-06,Recurrent,78.5,Pass
850,CR-221,Alpha,2022-10-10,Recurrent,81.0,Pass
851,CR-221,Alpha,2024-10-20,Initial,80.6,Pass
852,CR-221,Alpha,2022-06-27,Recurrent,86.4,Pass
853,CR-221,Alpha,2025-04-02,Recurrent,78.1,Pass
854,CR-222,Bravo,2023-08-09,Recurrent,72.0,Pass
855,CR-222,Bravo,2023-10-30,Initial,81.0,Pass
856,CR-222,Bravo,2024-02-17,Initial,83.1,Pass
857,CR-222,Bravo,2023-12-20,Initial,73.4,Pass
858,CR-223,Charlie,2023-02-05,Initial,85.1,Pass
859,CR-223,Charlie,2024-03-09,Recurrent,78.9,Pass
860,CR-223,Charlie,2024-08-20,Recurrent,91.9,Pass
861,CR-223,Charlie,2021-09-24,Recurrent,90.1,Pass
862,CR-223,Charlie,2021-10-24,Initial,100.0,Pass
863,CR-223,Charlie,2023-11-24,Recurrent,87.9,Pass
864,CR-224,Delta,2025-03-10,Initial,78.8,Pass
865,CR-224,Delta,2021-03-02,Recurrent,73.8,Pass
866,CR-224,Delta,2022-03-08,Recurrent,86.4,Pass
867,CR-224,Delta,2021-05-27,Recurrent,74.2,Pass
868,CR-225,Echo,2025-09-20,Recurrent,87.8,Pass
869,CR-225,Echo,2024-01-14,Recurrent,86.9,Pass
870,CR-226,Alpha,2022-12-02,Recurrent,75.9,Pass
871,CR-226,Alpha,2025-05-02,Initial,98.1,Pass
872,CR-226,Alpha,2021-09-06,Initial,86.6,Pass
873,CR-226,Alpha,2025-07-25,Recurrent,87.8,Pass
874,CR-227,Bravo,2025-01-01,Recurrent,80.7,Pass
875,CR-227,Bravo,2021-09-05,Recurrent,87.9,Pass
876,CR-227,Bravo,2024-09-29,Recurrent,81.6,Pass
877,CR-227,Bravo,2022-03-09,Recurrent,100.0,Pass
878,CR-228,Charlie,2022-09-17,Recurrent,78.2,Pass
879,CR-228,Charlie,2024-12-22,Recurrent,83.2,Pass
880,CR-228,Charlie,2024-05-04,Recurrent,82.5,Pass
881,CR-228,Charlie,2024-02-24,Recurrent,76.4,Pass
882,CR-228,Charlie,2023-09-03,Recurrent,86.7,Pass
883,CR-228,Charlie,2021-11-16,Initial,84.9,Pass
884,CR-229,Delta,2024-10-28,Recurrent,67.5,Fail
885,CR-229,Delta,2023-03-11,Recurrent,77.6,Pass
886,CR-229,Delta,2021-12-27,Initial,94.1,Pass
887,CR-229,Delta,2022-01-11,Recurrent,81.1,Pass
888,CR-230,Echo,2025-06-09,Recurrent,69.0,Fail
889,CR-230,Echo,2025-10-03,Initial,82.3,Pass
890,CR-230,Echo,2025-01-20,Recurrent,77.3,Pass
891,CR-231,Alpha,2023-06-25,Recurrent,76.8,Pass
892,CR-231,Alpha,2024-05-17,Initial,76.8,Pass
893,CR-231,Alpha,2025-09-26,Recurrent,84.0,Pass
894,CR-231,Alpha,2021-07-28,Recurrent,83.5,Pass
895,CR-232,Bravo,2025-09-15,Recurrent,82.2,Pass
896,CR-232,Bravo,2023-10-07,Recurrent,99.7,Pass
897,CR-232,Bravo,2023-01-03,Recurrent,80.7,Pass
898,CR-232,Bravo,2021-05-18,Initial,100.0,Pass
899,CR-232,Bravo,2023-07-19,Recurrent,66.8,Fail
900,CR-232,Bravo,2023-02-20,Recurrent,87.2,Pass
901,CR-233,Charlie,2024-09-16,Recurrent,79.7,Pass
902,CR-233,Charlie,2022-05-07,Recurrent,78.8,Pass
903,CR-233,Charlie,2023-05-21,Initial,85.2,Pass
904,CR-233,Charlie,2024-10-22,Initial,87.4,Pass
905,CR-233,Charlie,2025-07-12,Recurrent,82.4,Pass
906,CR-234,Delta,2025-01-25,Recurrent,69.1,Fail
907,CR-234,Delta,2024-05-30,Initial,70.0,Pass
908,CR-234,Delta,2023-12-03,Recurrent,95.9,Pass
909,CR-234,Delta,2023-04-28,Initial,74.2,Pass
910,CR-234,Delta,2025-12-12,Initial,75.8,Pass
911,CR-235,Echo,2022-06-03,Recurrent,84.8,Pass
912,CR-235,Echo,2021-12-08,Recurrent,95.9,Pass
913,CR-235,Echo,2025-05-06,Recurrent,76.4,Pass
914,CR-235,Echo,2024-08-20,Recurrent,83.9,Pass
915,CR-235,Echo,2025-09-13,Recurrent,79.5,Pass
916,CR-235,Echo,2024-02-23,Recurrent,77.6,Pass
917,CR-236,Alpha,2022-04-20,Initial,75.1,Pass
918,CR-236,Alpha,2024-03-24,Recurrent,82.7,Pass
919,CR-237,Bravo,2021-08-10,Initial,88.2,Pass
920,CR-237,Bravo,2023-01-25,Recurrent,82.9,Pass
921,CR-237,Bravo,2021-12-13,Initial,68.0,Fail
922,CR-237,Bravo,2022-09-29,Recurrent,93.0,Pass
923,CR-237,Bravo,2023-05-31,Recurrent,76.5,Pass
924,CR-238,Charlie,2025-02-08,Recurrent,87.4,Pass
925,CR-238,Charlie,2022-05-27,Recurrent,81.0,Pass
926,CR-238,Charlie,2023-12-18,Recurrent,81.0,Pass
927,CR-238,Charlie,2022-12-09,Recurrent,78.9,Pass
928,CR-239,Delta,2021-01-03,Initial,88.7,Pass
929,CR-239,Delta,2023-09-25,Recurrent,76.3,Pass
930,CR-239,Delta,2024-03-26,Recurrent,76.0,Pass
931,CR-239,Delta,2025-06-28,Initial,77.9,Pass
932,CR-239,Delta,2025-03-10,Recurrent,78.6,Pass
933,CR-239,Delta,2024-01-05,Recurrent,94.5,Pass
934,CR-240,Echo,2024-10-30,Recurrent,73.0,Pass
935,CR-240,Echo,2024-09-10,Recurrent,83.8,Pass
936,CR-240,Echo,2024-12-07,Recurrent,92.4,Pass
937,CR-240,Echo,2024-12-07,Recurrent,96.7,Pass
938,CR-240,Echo,2021-01-18,Recurrent,100.0,Pass
939,CR-240,Echo,2021-12-06,Initial,69.0,Fail
940,CR-241,Alpha,2022-04-06,Initial,84.7,Pass
941,CR-241,Alpha,2023-01-08,Recurrent,80.8,Pass
942,CR-241,Alpha,2022-06-08,Recurrent,71.1,Pass
943,CR-241,Alpha,2023-07-13,Recurrent,80.3,Pass
944,CR-241,Alpha,2025-02-06,Recurrent,90.8,Pass
945,CR-241,Alpha,2022-04-30,Recurrent,76.1,Pass
946,CR-242,Bravo,2021-11-18,Recurrent,75.8,Pass
947,CR-242,Bravo,2025-05-18,Recurrent,84.7,Pass
948,CR-243,Charlie,2021-07-21,Recurrent,87.9,Pass
949,CR-243,Charlie,2023-01-01,Recurrent,75.0,Pass
950,CR-244,Delta,2021-07-22,Recurrent,74.9,Pass
951,CR-244,Delta,2024-08-30,Recurrent,89.4,Pass
952,CR-245,Echo,2021-04-22,Initial,87.9,Pass
953,CR-245,Echo,2024-04-20,Recurrent,73.8,Pass
954,CR-246,Alpha,2025-09-17,Recurrent,85.8,Pass
955,CR-246,Alpha,2023-10-23,Initial,82.9,Pass
956,CR-246,Alpha,2024-05-01,Initial,74.3,Pass
957,CR-247,Bravo,2021-05-20,Initial,77.6,Pass
958,CR-247,Bravo,2025-10-05,Initial,85.1,Pass
959,CR-247,Bravo,2021-06-08,Recurrent,94.6,Pass
960,CR-247,Bravo,2025-10-05,Recurrent,79.1,Pass
961,CR-247,Bravo,2023-02-02,Recurrent,75.9,Pass
962,CR-248,Charlie,2022-03-07,Initial,77.9,Pass
963,CR-248,Charlie,2025-06-12,Recurrent,67.2,Fail
964,CR-248,Charlie,2024-10-21,Recurrent,75.9,Pass
965,CR-248,Charlie,2021-11-12,Recurrent,82.6,Pass
966,CR-249,Delta,2024-11-14,Recurrent,98.2,Pass
967,CR-249,Delta,2023-10-24,Recurrent,76.8,Pass
968,CR-249,Delta,2025-01-05,Recurrent,91.7,Pass
969,CR-249,Delta,2024-02-26,Recurrent,76.8,Pass
970,CR-249,Delta,2025-01-05,Recurrent,69.2,Fail
971,CR-250,Echo,2023-01-31,Initial,97.0,Pass
972,CR-250,Echo,2024-05-25,Recurrent,87.2,Pass
973,CR-250,Echo,2021-05-05,Initial,77.9,Pass
974,CR-250,Echo,2024-09-06,Recurrent,83.4,Pass
975,CR-251,Alpha,2024-05-07,Initial,84.3,Pass
976,CR-251,Alpha,2021-04-08,Recurrent,74.4,Pass
977,CR-251,Alpha,2023-01-14,Initial,84.7,Pass
978,CR-251,Alpha,2023-12-25,Recurrent,83.7,Pass
979,CR-251,Alpha,2023-01-27,Recurrent,83.3,Pass
980,CR-251,Alpha,2022-03-17,Recurrent,74.6,Pass
981,CR-252,Bravo,2023-05-22,Initial,68.6,Fail
982,CR-252,Bravo,2023-09-10,Initial,94.0,Pass
983,CR-252,Bravo,2025-01-17,Recurrent,96.3,Pass
984,CR-252,Bravo,2023-07-25,Recurrent,90.1,Pass
985,CR-252,Bravo,2025-04-12,Recurrent,86.2,Pass
986,CR-252,Bravo,2023-10-09,Initial,72.4,Pass
987,CR-253,Charlie,2021-01-27,Recurrent,77.7,Pass
988,CR-253,Charlie,2025-05-18,Recurrent,82.9,Pass
989,CR-253,Charlie,2023-08-11,Initial,96.2,Pass
990,CR-254,Delta,2024-07-01,Initial,82.8,Pass
991,CR-254,Delta,2024-09-28,Initial,86.0,Pass
992,CR-255,Echo,2023-05-02,Recurrent,88.1,Pass
993,CR-255,Echo,2025-09-22,Recurrent,83.2,Pass
994,CR-256,Alpha,2022-01-28,Initial,81.4,Pass
995,CR-256,Alpha,2024-06-06,Initial,86.4,Pass
996,CR-256,Alpha,2022-03-27,Recurrent,94.4,Pass
997,CR-257,Bravo,2024-09-13,Recurrent,76.0,Pass
998,CR-257,Bravo,2023-05-15,Recurrent,65.6,Fail
999,CR-258,Charlie,2022-07-01,Recurrent,86.6,Pass
1000,CR-258,Charlie,2025-06-30,Initial,79.7,Pass
1001,CR-258,Charlie,2021-03-03,Recurrent,76.5,Pass
1002,CR-259,Delta,2022-07-06,Initial,78.9,Pass
1003,CR-259,Delta,2023-07-20,Recurrent,79.3,Pass
1004,CR-259,Delta,2024-09-10,Recurrent,86.0,Pass
1005,CR-260,Echo,2024-07-15,Recurrent,81.6,Pass
1006,CR-260,Echo,2022-10-09,Recurrent,73.1,Pass
1007,CR-260,Echo,2023-11-09,Recurrent,72.7,Pass
1008,CR-261,Alpha,2023-11-08,Recurrent,79.2,Pass
1009,CR-261,Alpha,2023-03-11,Recurrent,98.1,Pass
1010,CR-261,Alpha,2023-11-29,Recurrent,78.6,Pass
1011,CR-262,Bravo,2022-08-22,Initial,86.6,Pass
1012,CR-262,Bravo,2025-07-30,Initial,79.5,Pass
1013,CR-262,Bravo,2025-08-12,Recurrent,74.3,Pass
1014,CR-263,Charlie,2021-07-20,Recurrent,86.4,Pass
1015,CR-263,Charlie,2022-09-27,Initial,71.6,Pass
1016,CR-263,Charlie,2021-09-18,Recurrent,82.6,Pass
1017,CR-264,Delta,2025-01-13,Recurrent,66.4,Fail
1018,CR-264,Delta,2025-09-09,Recurrent,67.2,Fail
1019,CR-265,Echo,2023-04-03,Initial,78.6,Pass
1020,CR-265,Echo,2024-11-05,Recurrent,81.6,Pass
1021,CR-265,Echo,2021-10-08,Recurrent,85.6,Pass
1022,CR-265,Echo,2021-07-11,Recurrent,84.6,Pass
1023,CR-266,Alpha,2025-06-22,Recurrent,87.2,Pass
1024,CR-266,Alpha,2023-04-28,Recurrent,78.9,Pass
1025,CR-266,Alpha,2025-08-01,Recurrent,89.7,Pass
1026,CR-266,Alpha,2021-04-20,Recurrent,89.1,Pass
1027,CR-267,Bravo,2023-09-11,Recurrent,89.9,Pass
1028,CR-267,Bravo,2022-08-25,Recurrent,88.4,Pass
1029,CR-267,Bravo,2024-12-12,Initial,84.4,Pass
1030,CR-267,Bravo,2025-09-14,Initial,79.1,Pass
1031,CR-267,Bravo,2024-07-07,Recurrent,94.0,Pass
1032,CR-267,Bravo,2025-06-14,Recurrent,82.7,Pass
1033,CR-268,Charlie,2022-04-05,Recurrent,100.0,Pass
1034,CR-268,Charlie,2022-07-19,Initial,65.8,Fail
1035,CR-268,Charlie,2021-06-03,Recurrent,83.0,Pass
1036,CR-269,Delta,2024-12-30,Initial,85.5,Pass
1037,CR-269,Delta,2024-08-03,Recurrent,76.4,Pass
1038,CR-269,Delta,2025-01-13,Recurrent,85.5,Pass
1039,CR-270,Echo,2022-05-28,Recurrent,79.9,Pass
1040,CR-270,Echo,2021-01-18,Recurrent,77.2,Pass
1041,CR-270,Echo,2022-09-08,Recurrent,90.0,Pass
1042,CR-271,Alpha,2024-10-27,Recurrent,84.9,Pass
1043,CR-271,Alpha,2022-04-17,Recurrent,82.8,Pass
1044,CR-272,Bravo,2021-10-13,Recurrent,65.7,Fail
1045,CR-272,Bravo,2021-03-02,Recurrent,96.4,Pass
1046,CR-272,Bravo,2021-12-21,Recurrent,98.3,Pass
1047,CR-272,Bravo,2022-10-07,Recurrent,79.4,Pass
1048,CR-272,Bravo,2022-04-17,Recurrent,68.5,Fail
1049,CR-272,Bravo,2021-08-09,Recurrent,75.5,Pass
1050,CR-273,Charlie,2022-04-07,Initial,75.8,Pass
1051,CR-273,Charlie,2022-06-14,Recurrent,97.8,Pass
1052,CR-273,Charlie,2021-12-20,Initial,90.7,Pass
1053,CR-273,Charlie,2022-10-16,Recurrent,72.8,Pass
1054,CR-274,Delta,2022-02-11,Recurrent,100.0,Pass
1055,CR-274,Delta,2024-01-03,Initial,85.0,Pass
1056,CR-274,Delta,2023-06-01,Recurrent,71.8,Pass
1057,CR-274,Delta,2021-08-19,Initial,76.2,Pass
1058,CR-274,Delta,2024-07-29,Recurrent,75.2,Pass
1059,CR-275,Echo,2022-03-23,Recurrent,82.3,Pass
1060,CR-275,Echo,2021-08-01,Recurrent,85.0,Pass
1061,CR-275,Echo,2021-04-24,Recurrent,89.9,Pass
1062,CR-275,Echo,2025-12-03,Initial,88.7,Pass
1063,CR-275,Echo,2025-11-30,Recurrent,80.5,Pass
1064,CR-276,Alpha,2025-11-02,Recurrent,71.8,Pass
1065,CR-276,Alpha,2023-02-21,Recurrent,83.2,Pass
1066,CR-276,Alpha,2024-11-13,Recurrent,85.7,Pass
1067,CR-276,Alpha,2025-08-18,Initial,100.0,Pass
1068,CR-276,Alpha,2025-05-26,Recurrent,84.2,Pass
1069,CR-276,Alpha,2025-06-29,Recurrent,79.1,Pass
1070,CR-277,Bravo,2021-07-09,Recurrent,78.6,Pass
1071,CR-277,Bravo,2024-05-28,Initial,80.0,Pass
1072,CR-277,Bravo,2024-09-10,Recurrent,80.4,Pass
1073,CR-277,Bravo,2024-07-21,Recurrent,87.6,Pass
1074,CR-277,Bravo,2023-12-26,Recurrent,73.9,Pass
1075,CR-277,Bravo,2024-04-07,Recurrent,79.2,Pass
1076,CR-278,Charlie,2025-06-07,Recurrent,81.9,Pass
1077,CR-278,Charlie,2024-04-04,Recurrent,94.0,Pass
1078,CR-279,Delta,2024-02-12,Recurrent,78.2,Pass
1079,CR-279,Delta,2022-03-21,Recurrent,83.3,Pass
1080,CR-279,Delta,2023-06-11,Initial,68.2,Fail
1081,CR-279,Delta,2023-09-20,Recurrent,82.7,Pass
1082,CR-279,Delta,2024-11-19,Recurrent,97.5,Pass
1083,CR-280,Echo,2024-05-04,Recurrent,92.7,Pass
1084,CR-280,Echo,2021-03-03,Initial,100.0,Pass
1085,CR-281,Alpha,2023-06-14,Recurrent,88.1,Pass
1086,CR-281,Alpha,2025-05-01,Recurrent,61.2,Fail
1087,CR-281,Alpha,2021-05-27,Recurrent,76.1,Pass
1088,CR-281,Alpha,2021-11-10,Recurrent,73.6,Pass
1089,CR-281,Alpha,2022-01-22,Recurrent,89.7,Pass
1090,CR-282,Bravo,2023-08-22,Initial,84.2,Pass
1091,CR-282,Bravo,2024-01-24,Recurrent,80.9,Pass
1092,CR-282,Bravo,2021-09-26,Initial,92.2,Pass
1093,CR-282,Bravo,2025-10-19,Initial,95.5,Pass
1094,CR-283,Charlie,2025-11-20,Recurrent,79.0,Pass
1095,CR-283,Charlie,2021-06-09,Recurrent,80.4,Pass
1096,CR-283,Charlie,2025-07-25,Initial,79.5,Pass
1097,CR-283,Charlie,2024-08-08,Recurrent,60.3,Fail
1098,CR-283,Charlie,2022-07-09,Recurrent,73.5,Pass
1099,CR-283,Charlie,2025-03-21,Recurrent,78.6,Pass
1100,CR-284,Delta,2021-05-27,Recurrent,87.3,Pass
1101,CR-284,Delta,2022-03-22,Recurrent,92.0,Pass
1102,CR-284,Delta,2025-12-22,Initial,85.1,Pass
1103,CR-284,Delta,2024-11-07,Recurrent,80.7,Pass
1104,CR-284,Delta,2023-08-06,Recurrent,71.7,Pass
1105,CR-284,Delta,2023-06-15,Recurrent,73.6,Pass
1106,CR-285,Echo,2022-02-10,Initial,75.8,Pass
1107,CR-285,Echo,2022-02-07,Recurrent,85.5,Pass
1108,CR-285,Echo,2024-10-07,Recurrent,77.8,Pass
1109,CR-285,Echo,2025-06-14,Recurrent,71.0,Pass
1110,CR-285,Echo,2023-01-02,Initial,83.5,Pass
1111,CR-285,Echo,2021-09-26,Recurrent,76.1,Pass
1112,CR-286,Alpha,2023-10-19,Initial,76.6,Pass
1113,CR-286,Alpha,2021-03-23,Recurrent,78.8,Pass
1114,CR-286,Alpha,2025-04-22,Recurrent,79.1,Pass
1115,CR-286,Alpha,2021-08-23,Recurrent,90.3,Pass
1116,CR-287,Bravo,2025-04-23,Recurrent,69.5,Fail
1117,CR-287,Bravo,2024-06-11,Recurrent,69.0,Fail
1118,CR-288,Charlie,2025-11-26,Recurrent,97.0,Pass
1119,CR-288,Charlie,2024-07-31,Initial,97.0,Pass
1120,CR-288,Charlie,2024-11-06,Recurrent,79.1,Pass
1121,CR-288,Charlie,2025-06-25,Initial,100.0,Pass
1122,CR-289,Delta,2021-12-10,Recurrent,72.2,Pass
1123,CR-289,Delta,2025-01-17,Recurrent,76.4,Pass
1124,CR-289,Delta,2023-11-07,Initial,74.8,Pass
1125,CR-290,Echo,2022-12-13,Recurrent,84.2,Pass
1126,CR-290,Echo,2021-11-12,Initial,70.8,Pass
1127,CR-291,Alpha,2024-12-24,Recurrent,73.6,Pass
1128,CR-291,Alpha,2023-02-07,Recurrent,58.0,Fail
1129,CR-291,Alpha,2025-01-06,Recurrent,84.1,Pass
1130,CR-291,Alpha,2023-02-07,Initial,77.3,Pass
1131,CR-291,Alpha,2022-04-06,Initial,81.6,Pass
1132,CR-291,Alpha,2023-05-19,Recurrent,77.7,Pass
1133,CR-292,Bravo,2021-09-12,Recurrent,95.2,Pass
1134,CR-292,Bravo,2025-01-11,Recurrent,88.0,Pass
1135,CR-293,Charlie,2025-05-28,Recurrent,93.1,Pass
1136,CR-293,Charlie,2024-06-24,Recurrent,79.3,Pass
1137,CR-293,Charlie,2025-08-02,Recurrent,88.9,Pass
1138,CR-293,Charlie,2025-05-05,Recurrent,79.1,Pass
1139,CR-293,Charlie,2021-08-05,Initial,69.0,Fail
1140,CR-293,Charlie,2025-04-28,Recurrent,63.5,Fail
1141,CR-294,Delta,2024-04-25,Recurrent,96.6,Pass
1142,CR-294,Delta,2025-09-01,Recurrent,84.0,Pass
1143,CR-294,Delta,2023-06-29,Recurrent,76.1,Pass
1144,CR-294,Delta,2021-02-24,Recurrent,85.6,Pass
1145,CR-294,Delta,2021-11-16,Recurrent,83.1,Pass
1146,CR-294,Delta,2021-12-22,Recurrent,66.1,Fail
1147,CR-295,Echo,2023-05-14,Recurrent,88.2,Pass
1148,CR-295,Echo,2021-05-04,Initial,80.9,Pass
1149,CR-295,Echo,2021-01-15,Recurrent,74.2,Pass
1150,CR-295,Echo,2024-05-05,Recurrent,76.1,Pass
1151,CR-296,Alpha,2021-01-15,Initial,87.3,Pass
1152,CR-296,Alpha,2023-05-06,Recurrent,70.8,Pass
1153,CR-296,Alpha,2021-09-12,Recurrent,80.3,Pass
1154,CR-297,Bravo,2021-03-27,Recurrent,68.6,Fail
1155,CR-297,Bravo,2023-10-16,Recurrent,78.9,Pass
1156,CR-297,Bravo,2022-04-19,Recurrent,100.0,Pass
1157,CR-298,Charlie,2023-03-18,Recurrent,90.1,Pass
1158,CR-298,Charlie,2022-06-27,Initial,74.4,Pass
1159,CR-299,Delta,2025-06-02,Initial,85.5,Pass
1160,CR-299,Delta,2023-12-18,Recurrent,62.4,Fail
1161,CR-299,Delta,2021-12-15,Initial,77.5,Pass
1162,CR-300,Echo,2023-12-02,Recurrent,64.3,Fail
1163,CR-300,Echo,2025-11-29,Initial,78.9,Pass
1164,CR-300,Echo,2022-03-10,Recurrent,73.9,Pass
1165,CR-300,Echo,2024-02-14,Recurrent,100.0,Pass
1166,CR-300,Echo,2025-05-18,Recurrent,93.4,Pass
1167,CR-300,Echo,2025-04-29,Recurrent,61.4,Fail
1168,CR-301,Alpha,2021-04-05,Recurrent,92.0,Pass
1169,CR-301,Alpha,2024-05-22,Recurrent,90.0,Pass
1170,CR-301,Alpha,2024-03-04,Recurrent,67.8,Fail
1171,CR-301,Alpha,2022-05-02,Recurrent,78.4,Pass
1172,CR-301,Alpha,2024-05-20,Recurrent,97.0,Pass
1173,CR-301,Alpha,2024-05-15,Recurrent,72.0,Pass
1174,CR-302,Bravo,2023-01-22,Recurrent,76.1,Pass
1175,CR-302,Bravo,2023-12-19,Recurrent,97.5,Pass
1176,CR-303,Charlie,2025-01-11,Recurrent,77.5,Pass
1177,CR-303,Charlie,2025-10-27,Initial,88.8,Pass
1178,CR-303,Charlie,2023-07-07,Recurrent,88.7,Pass
1179,CR-303,Charlie,2023-09-03,Recurrent,97.1,Pass
1180,CR-303,Charlie,2023-04-03,Recurrent,81.6,Pass
1181,CR-303,Charlie,2022-05-16,Recurrent,66.7,Fail
1182,CR-304,Delta,2021-12-07,Recurrent,82.8,Pass
1183,CR-304,Delta,2021-09-24,Recurrent,93.5,Pass
1184,CR-304,Delta,2021-07-05,Recurrent,76.1,Pass
1185,CR-304,Delta,2024-11-30,Initial,78.2,Pass
1186,CR-305,Echo,2022-09-02,Recurrent,66.9,Fail
1187,CR-305,Echo,2021-08-28,Initial,70.5,Pass
1188,CR-305,Echo,2022-09-07,Recurrent,76.3,Pass
1189,CR-306,Alpha,2023-01-14,Initial,78.0,Pass
1190,CR-306,Alpha,2024-01-18,Recurrent,78.3,Pass
1191,CR-307,Bravo,2024-09-21,Recurrent,77.5,Pass
1192,CR-307,Bravo,2024-03-25,Recurrent,71.7,Pass
1193,CR-307,Bravo,2023-09-24,Recurrent,89.0,Pass
1194,CR-307,Bravo,2022-04-20,Recurrent,68.8,Fail
1195,CR-307,Bravo,2024-01-07,Initial,72.8,Pass
1196,CR-307,Bravo,2021-11-17,Recurrent,75.4,Pass
1197,CR-308,Charlie,2025-07-11,Recurrent,97.4,Pass
1198,CR-308,Charlie,2022-07-28,Recurrent,79.0,Pass
1199,CR-309,Delta,2021-12-24,Recurrent,85.0,Pass
1200,CR-309,Delta,2025-08-07,Recurrent,89.3,Pass
1201,CR-309,Delta,2025-03-20,Recurrent,91.5,Pass
1202,CR-309,Delta,2023-11-03,Recurrent,95.6,Pass
1203,CR-309,Delta,2021-05-19,Recurrent,87.0,Pass
1204,CR-310,Echo,2025-01-19,Initial,61.2,Fail
1205,CR-310,Echo,2023-03-18,Recurrent,90.9,Pass
1206,CR-310,Echo,2023-09-09,Recurrent,85.0,Pass
1207,CR-311,Alpha,2022-09-28,Recurrent,81.8,Pass
1208,CR-311,Alpha,2023-12-05,Recurrent,77.7,Pass
1209,CR-311,Alpha,2023-12-30,Recurrent,93.0,Pass
1210,CR-311,Alpha,2021-01-10,Recurrent,77.6,Pass
1211,CR-312,Bravo,2021-11-04,Recurrent,60.5,Fail
1212,CR-312,Bravo,2024-11-30,Recurrent,89.7,Pass
1213,CR-313,Charlie,2023-06-09,Recurrent,82.9,Pass
1214,CR-313,Charlie,2025-04-09,Recurrent,84.7,Pass
1215,CR-313,Charlie,2023-12-21,Initial,94.9,Pass
1216,CR-313,Charlie,2022-08-20,Initial,86.0,Pass
1217,CR-314,Delta,2021-08-20,Recurrent,84.2,Pass
1218,CR-314,Delta,2024-12-14,Recurrent,84.0,Pass
1219,CR-314,Delta,2022-04-30,Recurrent,80.0,Pass
1220,CR-315,Echo,2024-01-15,Recurrent,77.9,Pass
1221,CR-315,Echo,2022-12-15,Initial,71.9,Pass
1222,CR-315,Echo,2024-07-20,Recurrent,84.1,Pass
1223,CR-315,Echo,2023-12-20,Recurrent,75.4,Pass
1224,CR-316,Alpha,2025-09-06,Recurrent,71.7,Pass
1225,CR-316,Alpha,2022-03-17,Recurrent,83.0,Pass
1226,CR-317,Bravo,2021-02-14,Initial,64.1,Fail
1227,CR-317,Bravo,2025-10-26,Recurrent,95.7,Pass
1228,CR-318,Charlie,2024-11-29,Recurrent,72.3,Pass
1229,CR-318,Charlie,2024-01-27,Recurrent,85.6,Pass
1230,CR-318,Charlie,2023-02-03,Initial,96.8,Pass
1231,CR-318,Charlie,2025-01-10,Recurrent,70.1,Pass
1232,CR-318,Charlie,2023-09-06,Recurrent,70.3,Pass
1233,CR-318,Charlie,2021-12-25,Recurrent,77.6,Pass
1234,CR-319,Delta,2021-04-03,Recurrent,83.3,Pass
1235,CR-319,Delta,2025-11-29,Recurrent,84.8,Pass
1236,CR-319,Delta,2023-07-18,Recurrent,91.9,Pass
1237,CR-319,Delta,2021-01-12,Recurrent,84.0,Pass
1238,CR-320,Echo,2024-06-16,Recurrent,85.0,Pass
1239,CR-320,Echo,2025-05-23,Initial,96.2,Pass
1240,CR-320,Echo,2022-03-20,Recurrent,71.7,Pass
1241,CR-320,Echo,2021-11-30,Initial,100.0,Pass
1242,CR-321,Alpha,2022-08-29,Initial,71.6,Pass
1243,CR-321,Alpha,2025-12-01,Initial,95.4,Pass
1244,CR-321,Alpha,2024-11-24,Recurrent,100.0,Pass
1245,CR-321,Alpha,2024-07-11,Recurrent,79.2,Pass
1246,CR-322,Bravo,2022-09-25,Initial,71.3,Pass
1247,CR-322,Bravo,2021-01-10,Recurrent,67.3,Fail
1248,CR-322,Bravo,2025-08-07,Initial,77.7,Pass
1249,CR-322,Bravo,2022-06-08,Recurrent,82.9,Pass
1250,CR-323,Charlie,2024-02-24,Initial,67.9,Fail
1251,CR-323,Charlie,2021-09-07,Recurrent,76.0,Pass
1252,CR-323,Charlie,2022-04-21,Initial,71.5,Pass
1253,CR-323,Charlie,2022-06-03,Recurrent,88.9,Pass
1254,CR-323,Charlie,2024-06-03,Recurrent,74.8,Pass
1255,CR-324,Delta,2024-04-02,Recurrent,79.8,Pass
1256,CR-324,Delta,2023-09-30,Recurrent,78.3,Pass
1257,CR-325,Echo,2024-03-16,Recurrent,90.3,Pass
1258,CR-325,Echo,2021-11-14,Recurrent,75.3,Pass
1259,CR-325,Echo,2021-03-30,Initial,100.0,Pass
1260,CR-325,Echo,2024-09-12,Initial,86.2,Pass
1261,CR-325,Echo,2022-11-29,Initial,78.7,Pass
1262,CR-325,Echo,2022-05-30,Recurrent,84.6,Pass
1263,CR-326,Alpha,2021-02-18,Recurrent,71.1,Pass
1264,CR-326,Alpha,2024-03-28,Recurrent,85.3,Pass
1265,CR-326,Alpha,2025-09-05,Recurrent,80.4,Pass
1266,CR-326,Alpha,2025-07-18,Recurrent,80.4,Pass
1267,CR-327,Bravo,2025-03-20,Recurrent,57.1,Fail
1268,CR-327,Bravo,2024-03-23,Initial,87.2,Pass
1269,CR-328,Charlie,2025-05-16,Recurrent,99.3,Pass
1270,CR-328,Charlie,2021-12-01,Recurrent,68.2,Fail
1271,CR-328,Charlie,2022-07-08,Recurrent,68.1,Fail
1272,CR-329,Delta,2022-09-24,Recurrent,89.2,Pass
1273,CR-329,Delta,2024-01-27,Initial,82.1,Pass
1274,CR-329,Delta,2022-07-11,Recurrent,60.6,Fail
1275,CR-329,Delta,2021-02-06,Recurrent,84.6,Pass
1276,CR-329,Delta,2022-01-07,Recurrent,68.4,Fail
1277,CR-330,Echo,2021-03-17,Recurrent,100.0,Pass
1278,CR-330,Echo,2022-12-27,Recurrent,88.5,Pass
1279,CR-330,Echo,2022-06-13,Recurrent,79.8,Pass
1280,CR-330,Echo,2021-09-26,Recurrent,73.7,Pass
1281,CR-331,Alpha,2023-04-19,Initial,94.5,Pass
1282,CR-331,Alpha,2025-01-22,Recurrent,96.0,Pass
1283,CR-332,Bravo,2025-11-07,Recurrent,85.1,Pass
1284,CR-332,Bravo,2022-07-14,Recurrent,97.3,Pass
1285,CR-333,Charlie,2023-10-04,Recurrent,85.2,Pass
1286,CR-333,Charlie,2025-04-13,Recurrent,88.9,Pass
1287,CR-334,Delta,2023-10-02,Initial,64.7,Fail
1288,CR-334,Delta,2023-02-02,Recurrent,72.2,Pass
1289,CR-334,Delta,2023-09-09,Recurrent,80.3,Pass
1290,CR-334,Delta,2021-10-23,Initial,99.2,Pass
1291,CR-334,Delta,2021-03-10,Recurrent,73.3,Pass
1292,CR-334,Delta,2023-03-17,Recurrent,84.2,Pass
1293,CR-335,Echo,2024-11-17,Recurrent,97.3,Pass
1294,CR-335,Echo,2023-05-30,Recurrent,83.7,Pass
1295,CR-335,Echo,2024-12-17,Recurrent,95.3,Pass
1296,CR-335,Echo,2025-04-19,Recurrent,79.2,Pass
1297,CR-336,Alpha,2024-02-29,Recurrent,78.9,Pass
1298,CR-336,Alpha,2021-08-31,Recurrent,80.8,Pass
1299,CR-337,Bravo,2022-12-27,Recurrent,77.0,Pass
1300,CR-337,Bravo,2024-07-16,Recurrent,86.8,Pass
1301,CR-337,Bravo,2022-07-23,Recurrent,77.7,Pass
1302,CR-338,Charlie,2023-08-14,Recurrent,80.4,Pass
1303,CR-338,Charlie,2021-02-18,Recurrent,85.6,Pass
1304,CR-338,Charlie,2022-04-04,Recurrent,84.6,Pass
1305,CR-338,Charlie,2024-07-30,Recurrent,74.4,Pass
1306,CR-338,Charlie,2024-12-23,Recurrent,84.2,Pass
1307,CR-338,Charlie,2023-01-20,Recurrent,79.5,Pass
1308,CR-339,Delta,2021-06-24,Recurrent,81.4,Pass
1309,CR-339,Delta,2022-04-25,Recurrent,80.0,Pass
1310,CR-339,Delta,2023-11-10,Recurrent,84.4,Pass
1311,CR-339,Delta,2022-01-11,Recurrent,96.7,Pass
1312,CR-339,Delta,2022-03-28,Initial,81.0,Pass
1313,CR-339,Delta,2024-05-09,Recurrent,82.1,Pass
1314,CR-340,Echo,2022-07-17,Initial,86.0,Pass
1315,CR-340,Echo,2025-06-04,Recurrent,82.5,Pass
1316,CR-341,Alpha,2021-04-15,Recurrent,90.1,Pass
1317,CR-341,Alpha,2024-05-05,Initial,87.1,Pass
1318,CR-341,Alpha,2024-09-09,Recurrent,76.8,Pass
1319,CR-342,Bravo,2023-05-13,Initial,77.4,Pass
1320,CR-342,Bravo,2023-07-30,Recurrent,89.7,Pass
1321,CR-343,Charlie,2024-03-25,Recurrent,74.8,Pass
1322,CR-343,Charlie,2024-05-22,Recurrent,100.0,Pass
1323,CR-343,Charlie,2024-03-27,Initial,89.8,Pass
1324,CR-344,Delta,2021-03-15,Recurrent,87.5,Pass
1325,CR-344,Delta,2024-05-04,Recurrent,70.8,Pass
1326,CR-344,Delta,2022-09-29,Recurrent,67.8,Fail
1327,CR-344,Delta,2025-10-22,Recurrent,70.8,Pass
1328,CR-344,Delta,2023-10-27,Recurrent,69.2,Fail
1329,CR-345,Echo,2022-10-09,Recurrent,86.1,Pass
1330,CR-345,Echo,2024-12-17,Recurrent,94.1,Pass
1331,CR-345,Echo,2021-04-27,Recurrent,74.7,Pass
1332,CR-345,Echo,2021-07-10,Initial,87.3,Pass
1333,CR-345,Echo,2022-12-29,Recurrent,84.8,Pass
1334,CR-346,Alpha,2023-02-20,Initial,88.3,Pass
1335,CR-346,Alpha,2025-07-24,Recurrent,76.9,Pass
1336,CR-346,Alpha,2024-06-12,Recurrent,77.9,Pass
1337,CR-346,Alpha,2023-07-19,Recurrent,89.6,Pass
1338,CR-346,Alpha,2023-02-18,Recurrent,79.8,Pass
1339,CR-347,Bravo,2021-08-11,Recurrent,80.1,Pass
1340,CR-347,Bravo,2022-03-28,Recurrent,99.0,Pass
1341,CR-347,Bravo,2023-03-25,Recurrent,66.3,Fail
1342,CR-347,Bravo,2021-10-25,Recurrent,100.0,Pass
1343,CR-347,Bravo,2023-02-09,Recurrent,98.6,Pass
1344,CR-347,Bravo,2025-03-02,Recurrent,70.3,Pass
1345,CR-348,Charlie,2025-03-07,Recurrent,75.0,Pass
1346,CR-348,Charlie,2021-09-13,Recurrent,84.9,Pass
1347,CR-349,Delta,2022-11-06,Initial,81.1,Pass
1348,CR-349,Delta,2024-08-30,Recurrent,88.9,Pass
1349,CR-349,Delta,2023-08-18,Initial,76.1,Pass
1350,CR-350,Echo,2021-08-28,Initial,77.9,Pass
1351,CR-350,Echo,2022-09-04,Recurrent,88.3,Pass
1352,CR-350,Echo,2022-06-09,Recurrent,76.5,Pass
1353,CR-351,Alpha,2024-09-16,Recurrent,81.6,Pass
1354,CR-351,Alpha,2025-04-28,Initial,94.2,Pass
1355,CR-351,Alpha,2021-07-01,Initial,74.1,Pass
1356,CR-351,Alpha,2021-08-02,Initial,74.4,Pass
1357,CR-351,Alpha,2023-08-12,Recurrent,77.3,Pass
1358,CR-352,Bravo,2021-02-27,Initial,73.4,Pass
1359,CR-352,Bravo,2023-02-28,Recurrent,89.7,Pass
1360,CR-352,Bravo,2023-10-16,Recurrent,88.7,Pass
1361,CR-352,Bravo,2024-05-21,Recurrent,82.6,Pass
1362,CR-352,Bravo,2023-01-29,Recurrent,84.4,Pass
1363,CR-352,Bravo,2024-08-15,Initial,67.6,Fail
1364,CR-353,Charlie,2025-03-18,Recurrent,83.5,Pass
1365,CR-353,Charlie,2025-12-23,Recurrent,79.1,Pass
1366,CR-353,Charlie,2022-08-07,Recurrent,84.2,Pass
1367,CR-354,Delta,2022-03-25,Initial,75.8,Pass
1368,CR-354,Delta,2024-05-15,Recurrent,81.5,Pass
1369,CR-354,Delta,2025-10-06,Recurrent,80.9,Pass
1370,CR-354,Delta,2024-12-08,Recurrent,75.2,Pass
1371,CR-354,Delta,2022-04-29,Recurrent,96.7,Pass
1372,CR-355,Echo,2024-06-06,Recurrent,74.1,Pass
1373,CR-355,Echo,2022-09-25,Recurrent,91.1,Pass
1374,CR-355,Echo,2021-11-05,Initial,71.5,Pass
1375,CR-355,Echo,2023-06-27,Recurrent,92.7,Pass
1376,CR-355,Echo,2023-09-22,Initial,81.9,Pass
1377,CR-355,Echo,2024-08-15,Recurrent,99.5,Pass
1378,CR-356,Alpha,2021-06-26,Initial,85.5,Pass
1379,CR-356,Alpha,2021-07-29,Initial,84.3,Pass
1380,CR-356,Alpha,2024-08-23,Initial,80.9,Pass
1381,CR-356,Alpha,2025-11-04,Recurrent,72.6,Pass
1382,CR-357,Bravo,2021-10-05,Initial,85.3,Pass
1383,CR-357,Bravo,2024-12-21,Recurrent,76.6,Pass
1384,CR-358,Charlie,2025-08-02,Recurrent,93.1,Pass
1385,CR-358,Charlie,2022-10-11,Recurrent,71.6,Pass
1386,CR-358,Charlie,2025-07-21,Recurrent,84.2,Pass
1387,CR-358,Charlie,2023-05-09,Recurrent,89.8,Pass
1388,CR-358,Charlie,2023-06-05,Recurrent,71.0,Pass
1389,CR-359,Delta,2021-10-15,Recurrent,72.1,Pass
1390,CR-359,Delta,2022-11-02,Recurrent,75.0,Pass
1391,CR-359,Delta,2023-11-16,Recurrent,89.6,Pass
1392,CR-359,Delta,2023-09-03,Recurrent,71.5,Pass
1393,CR-359,Delta,2023-04-29,Initial,76.5,Pass
1394,CR-359,Delta,2024-05-04,Initial,83.0,Pass
1395,CR-360,Echo,2023-10-14,Recurrent,71.0,Pass
1396,CR-360,Echo,2021-08-13,Recurrent,70.5,Pass
1397,CR-361,Alpha,2023-08-28,Recurrent,77.7,Pass
1398,CR-361,Alpha,2025-08-01,Recurrent,74.0,Pass
1399,CR-361,Alpha,2022-10-19,Initial,73.6,Pass
1400,CR-361,Alpha,2021-08-21,Recurrent,78.7,Pass
1401,CR-361,Alpha,2024-05-05,Recurrent,71.4,Pass
1402,CR-361,Alpha,2024-02-27,Recurrent,86.0,Pass
1403,CR-362,Bravo,2025-06-20,Recurrent,80.5,Pass
1404,CR-362,Bravo,2024-08-30,Initial,89.2,Pass
1405,CR-362,Bravo,2023-09-28,Recurrent,88.8,Pass
1406,CR-363,Charlie,2021-09-19,Recurrent,74.9,Pass
1407,CR-363,Charlie,2022-07-17,Recurrent,91.8,Pass
1408,CR-363,Charlie,2022-11-18,Recurrent,73.6,Pass
1409,CR-364,Delta,2025-08-16,Recurrent,88.7,Pass
1410,CR-364,Delta,2022-08-21,Initial,74.3,Pass
1411,CR-365,Echo,2024-09-23,Initial,79.5,Pass
1412,CR-365,Echo,2025-04-09,Initial,79.6,Pass
1413,CR-365,Echo,2021-07-29,Recurrent,100.0,Pass
1414,CR-366,Alpha,2022-10-17,Recurrent,87.3,Pass
1415,CR-366,Alpha,2023-12-31,Recurrent,87.2,Pass
1416,CR-367,Bravo,2023-05-11,Initial,65.9,Fail
1417,CR-367,Bravo,2021-01-02,Recurrent,92.7,Pass
1418,CR-368,Charlie,2021-01-07,Recurrent,89.9,Pass
1419,CR-368,Charlie,2022-04-05,Initial,94.2,Pass
1420,CR-368,Charlie,2021-11-10,Recurrent,100.0,Pass
1421,CR-368,Charlie,2024-03-24,Recurrent,83.6,Pass
1422,CR-368,Charlie,2025-06-04,Initial,71.6,Pass
1423,CR-368,Charlie,2021-08-10,Recurrent,81.1,Pass
1424,CR-369,Delta,2021-10-23,Recurrent,80.1,Pass
1425,CR-369,Delta,2022-02-11,Recurrent,84.3,Pass
1426,CR-369,Delta,2023-07-22,Recurrent,97.5,Pass
1427,CR-369,Delta,2021-06-21,Recurrent,69.4,Fail
1428,CR-370,Echo,2021-03-13,Initial,81.2,Pass
1429,CR-370,Echo,2025-12-17,Recurrent,87.4,Pass
1430,CR-370,Echo,2025-01-14,Recurrent,70.0,Fail
1431,CR-371,Alpha,2022-11-20,Recurrent,85.4,Pass
1432,CR-371,Alpha,2021-08-18,Recurrent,98.2,Pass
1433,CR-371,Alpha,2024-03-01,Recurrent,87.1,Pass
1434,CR-371,Alpha,2025-07-02,Recurrent,93.3,Pass
1435,CR-372,Bravo,2021-11-19,Recurrent,90.3,Pass
1436,CR-372,Bravo,2024-12-22,Initial,83.4,Pass
1437,CR-372,Bravo,2025-07-01,Recurrent,88.5,Pass
1438,CR-372,Bravo,2021-04-17,Initial,83.9,Pass
1439,CR-372,Bravo,2021-12-04,Recurrent,76.4,Pass
1440,CR-373,Charlie,2022-02-02,Recurrent,88.8,Pass
1441,CR-373,Charlie,2024-07-05,Recurrent,84.1,Pass
1442,CR-374,Delta,2022-04-15,Recurrent,82.6,Pass
1443,CR-374,Delta,2021-07-13,Recurrent,69.1,Fail
1444,CR-375,Echo,2021-08-14,Recurrent,80.5,Pass
1445,CR-375,Echo,2021-09-27,Recurrent,83.9,Pass
1446,CR-375,Echo,2024-12-07,Recurrent,69.5,Fail
1447,CR-375,Echo,2022-02-10,Initial,91.8,Pass
1448,CR-375,Echo,2025-03-18,Recurrent,73.7,Pass
1449,CR-375,Echo,2024-02-23,Recurrent,87.1,Pass
1450,CR-376,Alpha,2025-04-06,Recurrent,88.6,Pass
1451,CR-376,Alpha,2024-05-07,Recurrent,100.0,Pass
1452,CR-376,Alpha,2023-05-24,Recurrent,72.4,Pass
1453,CR-376,Alpha,2025-06-06,Recurrent,82.1,Pass
1454,CR-376,Alpha,2021-07-13,Recurrent,89.9,Pass
1455,CR-376,Alpha,2024-03-01,Recurrent,81.8,Pass
1456,CR-377,Bravo,2024-04-21,Initial,87.8,Pass
1457,CR-377,Bravo,2022-10-13,Recurrent,84.8,Pass
1458,CR-377,Bravo,2025-01-13,Recurrent,88.1,Pass
1459,CR-377,Bravo,2022-10-18,Recurrent,79.1,Pass
1460,CR-378,Charlie,2025-02-02,Recurrent,75.5,Pass
1461,CR-378,Charlie,2021-11-07,Recurrent,85.6,Pass
1462,CR-379,Delta,2024-01-05,Initial,70.2,Pass
1463,CR-379,Delta,2024-06-27,Initial,79.8,Pass
1464,CR-379,Delta,2025-03-18,Recurrent,74.7,Pass
1465,CR-379,Delta,2023-02-10,Recurrent,65.1,Fail
1466,CR-379,Delta,2024-10-10,Initial,82.3,Pass
1467,CR-379,Delta,2025-11-27,Recurrent,96.2,Pass
1468,CR-380,Echo,2024-09-19,Initial,87.6,Pass
1469,CR-380,Echo,2022-01-08,Initial,82.5,Pass
1470,CR-380,Echo,2025-02-28,Initial,82.1,Pass
1471,CR-380,Echo,2025-06-25,Initial,81.6,Pass
1472,CR-380,Echo,2024-05-10,Recurrent,89.1,Pass
1473,CR-380,Echo,2022-03-29,Recurrent,76.4,Pass
1474,CR-381,Alpha,2022-07-16,Recurrent,89.1,Pass
1475,CR-381,Alpha,2022-01-21,Recurrent,76.8,Pass
1476,CR-381,Alpha,2025-03-26,Recurrent,74.5,Pass
1477,CR-382,Bravo,2021-06-30,Recurrent,60.2,Fail
1478,CR-382,Bravo,2021-06-21,Recurrent,81.0,Pass
1479,CR-382,Bravo,2022-10-31,Recurrent,86.1,Pass
1480,CR-382,Bravo,2023-01-28,Recurrent,83.4,Pass
1481,CR-382,Bravo,2021-10-17,Initial,71.1,Pass
1482,CR-383,Charlie,2023-01-24,Recurrent,78.5,Pass
1483,CR-383,Charlie,2023-05-27,Initial,86.3,Pass
1484,CR-384,Delta,2023-12-09,Recurrent,83.0,Pass
1485,CR-384,Delta,2024-01-10,Initial,71.1,Pass
1486,CR-385,Echo,2021-10-10,Recurrent,80.6,Pass
1487,CR-385,Echo,2023-10-03,Recurrent,77.8,Pass
1488,CR-385,Echo,2021-09-07,Recurrent,86.1,Pass
1489,CR-385,Echo,2022-09-17,Initial,79.6,Pass
1490,CR-385,Echo,2023-02-22,Initial,71.8,Pass
1491,CR-385,Echo,2024-10-03,Recurrent,65.6,Fail
1492,CR-386,Alpha,2023-09-08,Recurrent,74.6,Pass
1493,CR-386,Alpha,2022-02-13,Recurrent,68.8,Fail
1494,CR-386,Alpha,2022-10-03,Recurrent,82.5,Pass
1495,CR-387,Bravo,2024-11-12,Recurrent,86.7,Pass
1496,CR-387,Bravo,2025-08-11,Recurrent,69.7,Fail
1497,CR-388,Charlie,2025-07-20,Recurrent,78.4,Pass
1498,CR-388,Charlie,2025-03-29,Recurrent,76.7,Pass
1499,CR-389,Delta,2022-12-20,Recurrent,84.5,Pass
1500,CR-389,Delta,2023-01-19,Recurrent,70.1,Pass
1501,CR-390,Echo,2025-02-12,Initial,73.4,Pass
1502,CR-390,Echo,2022-04-27,Recurrent,77.0,Pass
1503,CR-391,Alpha,2025-09-08,Recurrent,89.0,Pass
1504,CR-391,Alpha,2024-08-07,Initial,80.1,Pass
1505,CR-391,Alpha,2024-02-14,Initial,72.0,Pass
1506,CR-391,Alpha,2021-07-23,Initial,75.4,Pass
1507,CR-392,Bravo,2024-02-07,Recurrent,81.2,Pass
1508,CR-392,Bravo,2022-10-13,Recurrent,88.8,Pass
1509,CR-392,Bravo,2021-05-25,Initial,79.8,Pass
1510,CR-392,Bravo,2025-06-18,Recurrent,74.3,Pass
1511,CR-392,Bravo,2021-05-14,Recurrent,94.3,Pass
1512,CR-392,Bravo,2023-04-14,Initial,82.7,Pass
1513,CR-393,Charlie,2025-12-05,Initial,82.7,Pass
1514,CR-393,Charlie,2024-10-17,Recurrent,64.3,Fail
1515,CR-394,Delta,2024-05-06,Recurrent,82.6,Pass
1516,CR-394,Delta,2024-09-21,Recurrent,81.5,Pass
1517,CR-394,Delta,2021-10-22,Recurrent,90.5,Pass
1518,CR-394,Delta,2025-10-03,Recurrent,86.4,Pass
1519,CR-394,Delta,2023-10-15,Recurrent,81.7,Pass
1520,CR-394,Delta,2021-06-10,Initial,64.6,Fail
1521,CR-395,Echo,2025-05-11,Initial,79.6,Pass
1522,CR-395,Echo,2021-05-16,Recurrent,68.0,Fail
1523,CR-395,Echo,2021-03-15,Initial,75.7,Pass
1524,CR-395,Echo,2025-07-04,Initial,100.0,Pass
1525,CR-395,Echo,2024-04-28,Recurrent,67.8,Fail
1526,CR-396,Alpha,2024-04-10,Recurrent,86.8,Pass
1527,CR-396,Alpha,2025-07-27,Recurrent,83.8,Pass
1528,CR-397,Bravo,2023-06-21,Recurrent,79.4,Pass
1529,CR-397,Bravo,2022-02-17,Initial,93.3,Pass
1530,CR-397,Bravo,2023-05-18,Initial,83.3,Pass
1531,CR-397,Bravo,2024-09-28,Recurrent,84.1,Pass
1532,CR-398,Charlie,2021-10-02,Recurrent,88.4,Pass
1533,CR-398,Charlie,2022-09-29,Recurrent,86.9,Pass
1534,CR-398,Charlie,2025-12-23,Initial,83.9,Pass
1535,CR-399,Delta,2024-07-06,Recurrent,76.3,Pass
1536,CR-399,Delta,2021-05-22,Recurrent,72.4,Pass
1537,CR-399,Delta,2025-11-24,Recurrent,85.7,Pass
1538,CR-399,Delta,2024-05-02,Recurrent,80.5,Pass
1539,CR-399,Delta,2021-02-17,Recurrent,88.2,Pass
1540,CR-400,Echo,2021-12-29,Recurrent,75.9,Pass
1541,CR-400,Echo,2021-04-11,Initial,69.8,Fail
1542,CR-401,Alpha,2025-04-09,Recurrent,87.8,Pass
1543,CR-401,Alpha,2021-11-10,Recurrent,83.3,Pass
1544,CR-401,Alpha,2021-05-01,Initial,83.9,Pass
1545,CR-401,Alpha,2023-08-07,Recurrent,62.4,Fail
1546,CR-401,Alpha,2023-02-19,Recurrent,85.3,Pass
1547,CR-402,Bravo,2021-09-29,Recurrent,83.2,Pass
1548,CR-402,Bravo,2022-01-29,Initial,94.7,Pass
1549,CR-403,Charlie,2025-06-03,Recurrent,98.4,Pass
1550,CR-403,Charlie,2022-12-03,Recurrent,90.9,Pass
1551,CR-403,Charlie,2023-05-23,Recurrent,80.5,Pass
1552,CR-403,Charlie,2025-07-07,Recurrent,85.5,Pass
1553,CR-404,Delta,2024-12-07,Initial,62.0,Fail
1554,CR-404,Delta,2025-07-26,Recurrent,75.4,Pass
1555,CR-404,Delta,2024-11-02,Recurrent,100.0,Pass
1556,CR-404,Delta,2022-08-11,Recurrent,77.2,Pass
1557,CR-404,Delta,2022-06-15,Recurrent,90.6,Pass
1558,CR-405,Echo,2021-09-27,Recurrent,80.3,Pass
1559,CR-405,Echo,2022-01-06,Recurrent,78.1,Pass
1560,CR-405,Echo,2023-01-11,Initial,85.9,Pass
1561,CR-406,Alpha,2021-12-18,Initial,77.7,Pass
1562,CR-406,Alpha,2021-06-22,Initial,71.2,Pass
1563,CR-406,Alpha,2021-09-25,Recurrent,71.2,Pass
1564,CR-407,Bravo,2021-05-11,Recurrent,79.1,Pass
1565,CR-407,Bravo,2023-05-12,Recurrent,91.9,Pass
1566,CR-407,Bravo,2024-04-11,Initial,74.0,Pass
1567,CR-407,Bravo,2024-04-14,Recurrent,65.6,Fail
1568,CR-408,Charlie,2024-11-09,Recurrent,80.5,Pass
1569,CR-408,Charlie,2022-05-24,Recurrent,92.2,Pass
1570,CR-408,Charlie,2023-05-10,Initial,82.6,Pass
1571,CR-409,Delta,2022-04-15,Recurrent,80.3,Pass
1572,CR-409,Delta,2022-05-20,Initial,88.1,Pass
1573,CR-409,Delta,2021-02-07,Recurrent,77.9,Pass
1574,CR-410,Echo,2022-05-07,Recurrent,76.7,Pass
1575,CR-410,Echo,2024-04-14,Recurrent,81.2,Pass
1576,CR-410,Echo,2025-05-12,Recurrent,67.2,Fail
1577,CR-410,Echo,2022-04-28,Recurrent,71.7,Pass
1578,CR-411,Alpha,2022-10-16,Initial,76.0,Pass
1579,CR-411,Alpha,2023-10-13,Recurrent,69.2,Fail
1580,CR-411,Alpha,2022-02-09,Recurrent,78.3,Pass
1581,CR-412,Bravo,2024-09-01,Recurrent,91.5,Pass
1582,CR-412,Bravo,2021-12-29,Recurrent,83.1,Pass
1583,CR-413,Charlie,2023-06-14,Initial,89.7,Pass
1584,CR-413,Charlie,2021-05-25,Initial,89.5,Pass
1585,CR-413,Charlie,2022-07-21,Initial,76.5,Pass
1586,CR-414,Delta,2022-11-27,Recurrent,75.1,Pass
1587,CR-414,Delta,2025-05-10,Initial,89.0,Pass
1588,CR-414,Delta,2023-06-28,Recurrent,86.5,Pass
1589,CR-414,Delta,2024-02-27,Recurrent,74.2,Pass
1590,CR-414,Delta,2024-10-18,Recurrent,70.8,Pass
1591,CR-414,Delta,2024-09-12,Recurrent,97.7,Pass
1592,CR-415,Echo,2022-02-01,Recurrent,83.3,Pass
1593,CR-415,Echo,2024-06-29,Recurrent,88.5,Pass
1594,CR-415,Echo,2024-05-25,Recurrent,82.4,Pass
1595,CR-416,Alpha,2021-02-01,Initial,95.8,Pass
1596,CR-416,Alpha,2025-03-30,Recurrent,72.7,Pass
1597,CR-416,Alpha,2021-05-19,Recurrent,78.1,Pass
1598,CR-416,Alpha,2023-09-05,Recurrent,83.5,Pass
1599,CR-416,Alpha,2023-05-15,Initial,75.8,Pass
1600,CR-417,Bravo,2021-05-22,Recurrent,88.5,Pass
1601,CR-417,Bravo,2024-01-05,Recurrent,82.9,Pass
1602,CR-417,Bravo,2024-08-25,Recurrent,74.5,Pass
1603,CR-417,Bravo,2022-12-30,Recurrent,74.0,Pass
1604,CR-417,Bravo,2023-06-09,Initial,77.8,Pass
1605,CR-418,Charlie,2022-09-23,Recurrent,81.1,Pass
1606,CR-418,Charlie,2025-08-21,Recurrent,69.0,Fail
1607,CR-419,Delta,2024-09-06,Recurrent,74.8,Pass
1608,CR-419,Delta,2023-11-01,Initial,69.7,Fail
1609,CR-419,Delta,2021-09-04,Recurrent,85.4,Pass
1610,CR-419,Delta,2022-08-02,Recurrent,76.1,Pass
1611,CR-420,Echo,2021-01-13,Recurrent,83.4,Pass
1612,CR-420,Echo,2024-08-27,Initial,85.6,Pass
1613,CR-420,Echo,2022-03-01,Recurrent,92.6,Pass
1614,CR-420,Echo,2022-08-15,Recurrent,75.2,Pass
1615,CR-420,Echo,2023-03-04,Recurrent,85.3,Pass
1616,CR-420,Echo,2023-07-15,Initial,78.5,Pass
